Postcode,lat,long
LD1 5AA,52.24158,-3.37854
LD1 5AB,52.25303,-3.37048
LD1 5AD,52.24668,-3.37609
LD1 5AE,52.24192,-3.36547
LD1 5AF,52.24972,-3.37075
LD1 5AG,52.25001,-3.37150
LD1 5AJ,52.24959,-3.37208
LD1 5AL,52.22861,-3.38322
LD1 5AP,52.24165,-3.37845
LD1 5BA,52.25083,-3.37273
LD1 5BB,52.24157,-3.37856
LD1 5BD,52.24119,-3.37820
LD1 5BE,52.24433,-3.37772
LD1 5BF,52.25081,-3.37137
LD1 5BG,52.24886,-3.37607
LD1 5BH,52.24923,-3.37554
LD1 5BJ,52.25469,-3.37251
LD1 5BL,52.25264,-3.37394
LD1 5BN,52.25071,-3.37462
LD1 5BP,52.25191,-3.37449
LD1 5BQ,52.24707,-3.37597
LD1 5BS,52.25154,-3.37453
LD1 5BT,52.25130,-3.37462
LD1 5BU,52.25108,-3.37482
LD1 5BW,52.25268,-3.37438
LD1 5BX,52.25217,-3.37326
LD1 5BY,52.25077,-3.37493
LD1 5BZ,52.25190,-3.37230
LD1 5DA,52.24990,-3.37547
LD1 5DB,52.24943,-3.37575
LD1 5DD,52.26943,-3.30300
LD1 5DE,52.23972,-3.36939
LD1 5DF,52.25176,-3.36982
LD1 5DG,52.24079,-3.37884
LD1 5DH,52.24053,-3.37848
LD1 5DL,52.24093,-3.37749
LD1 5DN,52.24087,-3.37745
LD1 5DP,52.23943,-3.37778
LD1 5DR,52.24093,-3.37806
LD1 5DS,52.24029,-3.37919
LD1 5DT,52.24037,-3.37884
LD1 5DU,52.23934,-3.37729
LD1 5DW,52.24003,-3.37804
LD1 5DY,52.24004,-3.37711
LD1 5EA,52.23959,-3.37823
LD1 5EB,52.24610,-3.37664
LD1 5ED,52.23153,-3.39168
LD1 5EE,52.24094,-3.37631
LD1 5EF,52.24272,-3.37302
LD1 5EG,52.24345,-3.37329
LD1 5EH,52.24260,-3.37210
LD1 5EL,52.24164,-3.37585
LD1 5EP,52.24761,-3.37408
LD1 5EQ,52.23950,-3.37863
LD1 5ER,52.23976,-3.37997
LD1 5ES,52.23841,-3.37636
LD1 5ET,52.24070,-3.37935
LD1 5EU,52.24020,-3.37971
LD1 5EW,52.23090,-3.38206
LD1 5EX,52.23161,-3.38271
LD1 5EY,52.23909,-3.37891
LD1 5HA,52.23891,-3.37487
LD1 5HB,52.22975,-3.38226
LD1 5HD,52.23911,-3.37947
LD1 5HE,52.23871,-3.37893
LD1 5HF,52.24211,-3.37745
LD1 5HG,52.23823,-3.37843
LD1 5HH,52.23902,-3.37483
LD1 5HJ,52.23748,-3.35348
LD1 5HL,52.23823,-3.37798
LD1 5HN,52.23732,-3.37942
LD1 5HP,52.23641,-3.37850
LD1 5HR,52.23710,-3.37815
LD1 5HS,52.24142,-3.37673
LD1 5HT,52.24076,-3.37336
LD1 5HU,52.23843,-3.37685
LD1 5HW,52.23675,-3.37905
LD1 5HY,52.24283,-3.37530
LD1 5LA,52.24278,-3.37613
LD1 5LB,52.24412,-3.37589
LD1 5LD,52.23965,-3.37443
LD1 5LE,52.24171,-3.36536
LD1 5LF,52.24133,-3.36858
LD1 5LG,52.23758,-3.37311
LD1 5LH,52.24427,-3.37707
LD1 5LJ,52.24103,-3.36823
LD1 5LL,52.23740,-3.37940
LD1 5LN,52.23729,-3.38106
LD1 5LP,52.23648,-3.37974
LD1 5LQ,52.23549,-3.38131
LD1 5LR,52.23618,-3.37985
LD1 5LS,52.23589,-3.37991
LD1 5LT,52.23554,-3.38064
LD1 5LU,52.23549,-3.37971
LD1 5LW,52.23688,-3.38055
LD1 5LX,52.24266,-3.36113
LD1 5LY,52.23570,-3.37839
LD1 5NA,52.23416,-3.37907
LD1 5NB,52.23263,-3.38213
LD1 5ND,52.22809,-3.38481
LD1 5NE,52.23392,-3.37919
LD1 5NF,52.23469,-3.38078
LD1 5NG,52.23434,-3.38113
LD1 5NH,52.23391,-3.38161
LD1 5NJ,52.23007,-3.38358
LD1 5NL,52.22772,-3.38331
LD1 5NN,52.23578,-3.38291
LD1 5NP,52.24140,-3.36330
LD1 5NQ,52.23207,-3.38148
LD1 5NR,52.23593,-3.38083
LD1 5NS,52.23271,-3.38135
LD1 5NT,52.23102,-3.37727
LD1 5NU,52.23557,-3.37264
LD1 5NW,52.22906,-3.38286
LD1 5NX,52.23312,-3.38022
LD1 5NY,52.22991,-3.35629
LD1 5NZ,52.22679,-3.38408
LD1 5PA,52.21510,-3.33820
LD1 5PB,52.21822,-3.37544
LD1 5PD,52.24560,-3.35113
LD1 5PE,52.24825,-3.36736
LD1 5PF,52.24508,-3.37157
LD1 5PG,52.21073,-3.39248
LD1 5PH,52.22568,-3.38709
LD1 5PJ,52.21018,-3.39274
LD1 5PL,52.22367,-3.38968
LD1 5PN,52.22205,-3.38929
LD1 5PP,52.22161,-3.39477
LD1 5PR,52.21966,-3.38846
LD1 5PS,52.22057,-3.38833
LD1 5PT,52.21780,-3.38978
LD1 5PU,52.21082,-3.39450
LD1 5PW,52.22178,-3.39036
LD1 5PY,52.21190,-3.39283
LD1 5RA,52.21740,-3.38885
LD1 5RB,52.21635,-3.38961
LD1 5RD,52.21449,-3.39083
LD1 5RE,52.21302,-3.38513
LD1 5RF,52.20226,-3.38585
LD1 5RG,52.20146,-3.40095
LD1 5RH,52.20469,-3.36250
LD1 5RJ,52.21513,-3.39220
LD1 5RL,52.20044,-3.33266
LD1 5RN,52.20428,-3.36974
LD1 5RP,52.20805,-3.29519
LD1 5RR,52.20220,-3.27032
LD1 5RS,52.18665,-3.32511
LD1 5RT,52.18109,-3.30857
LD1 5RU,52.18610,-3.33819
LD1 5RW,52.19931,-3.30948
LD1 5RY,52.18219,-3.29760
LD1 5SA,52.19634,-3.29161
LD1 5SB,52.17136,-3.29340
LD1 5SD,52.17531,-3.26991
LD1 5SE,52.16924,-3.23726
LD1 5SF,52.16202,-3.28153
LD1 5SG,52.21190,-3.32155
LD1 5SH,52.23976,-3.36476
LD1 5SJ,52.21534,-3.39140
LD1 5SL,52.26022,-3.36421
LD1 5SN,52.27229,-3.33861
LD1 5SP,52.23800,-3.29880
LD1 5SQ,52.27267,-3.32979
LD1 5SR,52.23903,-3.31364
LD1 5SS,52.25856,-3.34252
LD1 5ST,52.27014,-3.34248
LD1 5SU,52.27004,-3.32773
LD1 5SW,52.25632,-3.30956
LD1 5SY,52.26836,-3.31023
LD1 5TA,52.27217,-3.27612
LD1 5TB,52.28121,-3.27109
LD1 5TD,52.28600,-3.24914
LD1 5TE,52.29355,-3.25821
LD1 5TF,52.29515,-3.25373
LD1 5TG,52.29498,-3.26305
LD1 5TH,52.28972,-3.24335
LD1 5TL,52.29636,-3.23332
LD1 5TN,52.30659,-3.20490
LD1 5TP,52.21111,-3.39339
LD1 5TS,52.23236,-3.38077
LD1 5TT,52.26158,-3.33338
LD1 5TU,52.27317,-3.31099
LD1 5TW,52.29779,-3.23799
LD1 5TY,52.26673,-3.30042
LD1 5UA,52.26793,-3.29727
LD1 5UB,52.26471,-3.29382
LD1 5UD,52.25846,-3.27124
LD1 5UE,52.25037,-3.28203
LD1 5UF,52.25703,-3.26039
LD1 5UG,52.23776,-3.25063
LD1 5UH,52.26777,-3.25688
LD1 5UL,52.24098,-3.37951
LD1 5UN,52.31182,-3.23172
LD1 5UP,52.34058,-3.19991
LD1 5UR,52.32882,-3.18952
LD1 5US,52.26684,-3.29572
LD1 5UT,52.34379,-3.19712
LD1 5UW,52.33155,-3.21757
LD1 5WA,52.23944,-3.37244
LD1 5WB,52.24166,-3.37845
LD1 5WD,52.24166,-3.37845
LD1 5WE,52.23909,-3.36382
LD1 5WF,52.24166,-3.37846
LD1 5WG,52.24166,-3.37845
LD1 5WH,52.24166,-3.37845
LD1 5WJ,52.24165,-3.37845
LD1 5WL,52.24166,-3.37845
LD1 5WN,52.24166,-3.37845
LD1 5WP,52.24165,-3.37845
LD1 5WQ,52.24166,-3.37845
LD1 5WR,52.24166,-3.37845
LD1 5WS,52.24166,-3.37845
LD1 5WT,52.24166,-3.37845
LD1 5WU,52.24166,-3.37845
LD1 5WW,52.23909,-3.36382
LD1 5WX,52.24166,-3.37845
LD1 5WY,52.24165,-3.37845
LD1 5WZ,52.24166,-3.37845
LD1 5XY,52.24166,-3.37845
LD1 5XZ,52.34187,-3.19037
LD1 5YA,52.24573,-3.37596
LD1 5YB,52.24561,-3.37538
LD1 5YD,52.24527,-3.37465
LD1 5YE,52.24610,-3.37406
LD1 5YF,52.24691,-3.37393
LD1 5YG,52.24138,-3.37963
LD1 5ZG,52.23779,-3.37300
LD1 5ZR,52.23779,-3.37300
LD1 5ZY,52.24166,-3.37845
LD1 6AA,52.23976,-3.38267
LD1 6AB,52.23983,-3.38156
LD1 6AD,52.24449,-3.37860
LD1 6AE,52.23809,-3.38502
LD1 6AF,52.24003,-3.38444
LD1 6AG,52.24076,-3.38142
LD1 6AH,52.24180,-3.38270
LD1 6AJ,52.24065,-3.38528
LD1 6AL,52.24111,-3.38224
LD1 6AN,52.24223,-3.38295
LD1 6AP,52.24201,-3.38464
LD1 6AQ,52.24258,-3.38321
LD1 6AR,52.24052,-3.38595
LD1 6AS,52.24235,-3.38632
LD1 6AT,52.23952,-3.38373
LD1 6AU,52.23858,-3.38187
LD1 6AW,52.24358,-3.38472
LD1 6AX,52.23962,-3.38545
LD1 6AY,52.23907,-3.38202
LD1 6AZ,52.24164,-3.38059
LD1 6BA,52.24071,-3.38324
LD1 6BB,52.24849,-3.38036
LD1 6BD,52.24722,-3.38160
LD1 6BE,52.24722,-3.38101
LD1 6BF,52.24464,-3.38080
LD1 6BG,52.24242,-3.38066
LD1 6BH,52.24480,-3.37968
LD1 6BJ,52.24515,-3.38213
LD1 6BL,52.24744,-3.37737
LD1 6BN,52.24767,-3.38155
LD1 6BP,52.24895,-3.37905
LD1 6BS,52.24664,-3.37808
LD1 6BT,52.24697,-3.37825
LD1 6BU,52.24736,-3.37790
LD1 6BW,52.24858,-3.38139
LD1 6BX,52.24810,-3.37759
LD1 6BY,52.25000,-3.38132
LD1 6BZ,52.24301,-3.38164
LD1 6DA,52.24891,-3.38425
LD1 6DB,52.24894,-3.37752
LD1 6DD,52.24866,-3.37750
LD1 6DE,52.24883,-3.37803
LD1 6DF,52.25350,-3.37652
LD1 6DG,52.24882,-3.38163
LD1 6DH,52.24904,-3.38097
LD1 6DJ,52.24866,-3.37926
LD1 6DL,52.24876,-3.38253
LD1 6DN,52.24790,-3.38420
LD1 6DP,52.24629,-3.38194
LD1 6DQ,52.24788,-3.37901
LD1 6DR,52.24738,-3.38257
LD1 6DS,52.24830,-3.38239
LD1 6DT,52.25475,-3.40102
LD1 6DU,52.24671,-3.38674
LD1 6DW,52.24771,-3.38377
LD1 6DX,52.25350,-3.40307
LD1 6DY,52.25247,-3.40403
LD1 6DZ,52.24671,-3.37903
LD1 6EA,52.25741,-3.40201
LD1 6EB,52.26223,-3.39893
LD1 6ED,52.26961,-3.38693
LD1 6EE,52.26565,-3.41756
LD1 6EF,52.27432,-3.40937
LD1 6EG,52.28141,-3.38630
LD1 6EH,52.29408,-3.40420
LD1 6EJ,52.24808,-3.38588
LD1 6EL,52.28238,-3.40927
LD1 6EN,52.28625,-3.42449
LD1 6EP,52.25119,-3.38275
LD1 6ER,52.24828,-3.37828
LD1 6ES,52.24746,-3.37961
LD1 6ET,52.24347,-3.39544
LD1 6EU,52.24708,-3.40375
LD1 6EW,52.28040,-3.44220
LD1 6EY,52.23638,-3.42667
LD1 6HA,52.21978,-3.43979
LD1 6HB,52.23066,-3.44254
LD1 6HD,52.25527,-3.45043
LD1 6HE,52.24329,-3.46180
LD1 6HF,52.25423,-3.46758
LD1 6HG,52.25145,-3.46927
LD1 6HH,52.25450,-3.47398
LD1 6HL,52.24628,-3.43333
LD1 6HN,52.27408,-3.33418
LD1 6HP,52.23488,-3.41866
LD1 6HR,52.21892,-3.42854
LD1 6HS,52.21720,-3.43146
LD1 6HT,52.21420,-3.43842
LD1 6HU,52.21338,-3.43939
LD1 6HW,52.21362,-3.43837
LD1 6HY,52.21387,-3.44005
LD1 6LA,52.21319,-3.44092
LD1 6LB,52.21284,-3.44082
LD1 6LD,52.21255,-3.44023
LD1 6LE,52.21488,-3.43915
LD1 6LF,52.21158,-3.43920
LD1 6LG,52.21060,-3.44031
LD1 6LH,52.21423,-3.44219
LD1 6LL,52.21473,-3.44297
LD1 6LN,52.21561,-3.44265
LD1 6LP,52.21627,-3.44122
LD1 6LQ,52.21556,-3.44131
LD1 6LR,52.21665,-3.44198
LD1 6LS,52.21627,-3.44090
LD1 6LT,52.21556,-3.44297
LD1 6LU,52.20837,-3.44053
LD1 6LW,52.21613,-3.44270
LD1 6LX,52.21009,-3.44158
LD1 6LY,52.21500,-3.44426
LD1 6LZ,52.21109,-3.44133
LD1 6NA,52.21129,-3.43693
LD1 6NB,52.21595,-3.45515
LD1 6ND,52.22551,-3.47357
LD1 6NE,52.21288,-3.43820
LD1 6NF,52.25657,-3.40250
LD1 6NG,52.25359,-3.40122
LD1 6NL,52.21603,-3.40749
LD1 6NN,52.26095,-3.49709
LD1 6NP,52.26901,-3.50824
LD1 6NR,52.26311,-3.50359
LD1 6NS,52.26259,-3.50248
LD1 6NT,52.25885,-3.49997
LD1 6NU,52.26479,-3.52418
LD1 6NW,52.27554,-3.50748
LD1 6NY,52.27781,-3.54344
LD1 6PA,52.27211,-3.47652
LD1 6PB,52.26928,-3.44504
LD1 6PD,52.26641,-3.47054
LD1 6PE,52.24938,-3.37844
LD1 6PF,52.24940,-3.37745
LD1 6PG,52.30944,-3.35344
LD1 6PH,52.33014,-3.38816
LD1 6PL,52.32854,-3.39593
LD1 6PN,52.32429,-3.41121
LD1 6PP,52.35928,-3.41178
LD1 6PR,52.36442,-3.40296
LD1 6PS,52.37052,-3.39511
LD1 6PT,52.35544,-3.37683
LD1 6PU,52.34469,-3.35402
LD1 6PW,52.33876,-3.40719
LD1 6RA,52.27270,-3.33879
LD1 6RB,52.27398,-3.33794
LD1 6RD,52.27394,-3.33762
LD1 6RE,52.27381,-3.33088
LD1 6RF,52.27634,-3.34692
LD1 6RG,52.27661,-3.35770
LD1 6RH,52.27388,-3.36603
LD1 6RJ,52.27424,-3.33961
LD1 6RL,52.27900,-3.35574
LD1 6RN,52.28085,-3.36608
LD1 6RP,52.27809,-3.33523
LD1 6RQ,52.28073,-3.36893
LD1 6RR,52.28221,-3.33457
LD1 6RS,52.28339,-3.33820
LD1 6RT,52.29689,-3.32418
LD1 6RU,52.28316,-3.32748
LD1 6RW,52.28294,-3.35742
LD1 6RX,52.27451,-3.34186
LD1 6RY,52.27592,-3.33865
LD1 6SA,52.27522,-3.34166
LD1 6SB,52.28254,-3.33298
LD1 6SD,52.30006,-3.32875
LD1 6SE,52.30790,-3.31150
LD1 6SF,52.31014,-3.30992
LD1 6SG,52.31192,-3.30876
LD1 6SH,52.32452,-3.31519
LD1 6SJ,52.30965,-3.30997
LD1 6SL,52.30260,-3.29330
LD1 6SN,52.31644,-3.26975
LD1 6SP,52.32488,-3.24613
LD1 6SQ,52.31039,-3.30877
LD1 6SR,52.33296,-3.24489
LD1 6SS,52.34478,-3.26696
LD1 6ST,52.33825,-3.27667
LD1 6SW,52.31158,-3.26907
LD1 6SY,52.33065,-3.25950
LD1 6TA,52.27595,-3.33996
LD1 6TB,52.27517,-3.34059
LD1 6TD,52.35165,-3.31096
LD1 6TE,52.30901,-3.30974
LD1 6TF,52.31316,-3.30894
LD1 6TG,52.36803,-3.30992
LD1 6TH,52.33902,-3.32122
LD1 6TJ,52.27603,-3.34122
LD1 6TL,52.35222,-3.28371
LD1 6TN,52.35013,-3.30908
LD1 6TP,52.35323,-3.31161
LD1 6TR,52.35753,-3.31984
LD1 6TS,52.35741,-3.33036
LD1 6TT,52.36340,-3.34520
LD1 6TU,52.37745,-3.33774
LD1 6TW,52.33406,-3.29632
LD1 6TY,52.38878,-3.30525
LD1 6UA,52.38341,-3.32456
LD1 6UB,52.36998,-3.32588
LD1 6UD,52.35303,-3.22861
LD1 6UE,52.35407,-3.24306
LD1 6UF,52.35726,-3.25349
LD1 6UG,52.36805,-3.25410
LD1 6UH,52.36138,-3.26741
LD1 6UL,52.36428,-3.29955
LD1 6UN,52.37979,-3.29944
LD1 6UP,52.29528,-3.26244
LD1 6UR,52.29031,-3.29629
LD1 6UT,52.28038,-3.29947
LD1 6UY,52.24266,-3.38398
LD1 6WA,52.24166,-3.37845
LD1 6WB,52.24166,-3.37845
LD1 6WD,52.24166,-3.37845
LD1 6WE,52.24166,-3.37845
LD1 6WF,52.24166,-3.37845
LD1 6WG,52.24166,-3.37845
LD1 6WH,52.24166,-3.37845
LD1 6WJ,52.24166,-3.37845
LD1 6WL,52.24166,-3.37845
LD1 6WN,52.24166,-3.37845
LD1 6WP,52.24166,-3.37845
LD1 6WQ,52.24166,-3.37845
LD1 6WR,52.24166,-3.37845
LD1 6WU,52.24166,-3.37845
LD1 6WY,52.24166,-3.37845
LD1 6WZ,52.24166,-3.37845
LD1 6XP,52.24166,-3.37845
LD1 6YA,52.39380,-3.32648
LD1 6YB,52.40385,-3.33232
LD1 6YD,52.40836,-3.32008
LD1 6YE,52.42737,-3.31728
LD1 6YF,52.40823,-3.30596
LD1 6YG,52.39793,-3.29083
LD1 6YH,52.39017,-3.32775
LD1 6YL,52.39694,-3.34457
LD1 6YN,52.40453,-3.35862
LD1 6YP,52.39259,-3.37599
LD1 6YR,52.39164,-3.38965
LD1 6YS,52.42408,-3.36970
LD1 6YT,52.41682,-3.35074
LD1 6YW,52.38411,-3.37394
LD1 6ZB,52.39121,-3.36658
LD1 6ZY,52.24166,-3.37845
LD1 9AA,52.24166,-3.37845
LD1 9AB,52.24166,-3.37845
LD1 9AD,52.24165,-3.37845
LD1 9AE,52.24166,-3.37845
LD1 9AF,52.24165,-3.37845
LD1 9AG,52.24166,-3.37845
LD1 9AH,52.24166,-3.37845
LD1 9AJ,52.24166,-3.37845
LD1 9AL,52.24166,-3.37845
LD1 9AN,52.24166,-3.37845
LD1 9AP,52.24166,-3.37845
LD1 9AQ,52.24166,-3.37846
LD1 9AR,52.24166,-3.37845
LD1 9AS,52.24166,-3.37845
LD1 9AT,52.24166,-3.37845
LD1 9AU,52.24166,-3.37845
LD1 9AW,52.24166,-3.37845
LD1 9AX,52.24166,-3.37845
LD1 9AY,52.24166,-3.37846
LD1 9AZ,52.24166,-3.37845
LD1 9BA,52.24166,-3.37845
LD1 9BB,52.24166,-3.37845
LD1 9BD,52.24166,-3.37845
LD1 9BE,52.24165,-3.37845
LD1 9BF,52.24165,-3.37845
LD1 9BG,52.24166,-3.37846
LD1 9BH,52.24165,-3.37845
LD1 9BJ,52.24165,-3.37845
LD1 9BL,52.24166,-3.37846
LD1 9BN,52.24166,-3.37846
LD1 9BP,52.24166,-3.37846
LD1 9BQ,52.24166,-3.37846
LD1 9BS,52.24166,-3.37846
LD1 9BT,52.24166,-3.37846
LD1 9BU,52.24166,-3.37846
LD1 9BW,52.24166,-3.37846
LD1 9BX,52.24166,-3.37846
LD1 9SA,52.23779,-3.37300
LD1 9SB,52.23779,-3.37300
LD1 9WF,,0.00000
LD1 9WG,,0.00000
LD1 9WH,,0.00000
LD1 9WJ,,0.00000
LD1 9WL,,0.00000
LD1 9WN,,0.00000
LD1 9WP,,0.00000
LD1 9WQ,,0.00000
LD1 9WR,,0.00000
LD1 9WS,,0.00000
LD1 9WT,,0.00000
LD1 9WU,,0.00000
LD1 9WW,,0.00000
LD1 9WX,,0.00000
LD1 9WY,,0.00000
LD1 9WZ,,0.00000
LD1 9XA,,0.00000
LD1 9XB,,0.00000
LD1 9XD,,0.00000
LD1 9XE,,0.00000
LD1 9XF,52.23779,-3.37300
LD1 9XG,,0.00000
LD1 9XH,,0.00000
LD1 9XJ,,0.00000
LD1 9XL,,0.00000
LD1 9XN,,0.00000
LD1 9XP,,0.00000
LD1 9XQ,,0.00000
LD1 9XR,,0.00000
LD1 9XS,,0.00000
LD1 9XT,,0.00000
LD1 9XU,,0.00000
LD1 9XW,,0.00000
LD1 9XX,,0.00000
LD1 9XY,,0.00000
LD1 9XZ,,0.00000
LD1 9YA,,0.00000
LD1 9YB,,0.00000
LD1 9YD,,0.00000
LD1 9YE,,0.00000
LD1 9YF,,0.00000
LD1 9YG,,0.00000
LD1 9YH,,0.00000
LD1 9YJ,,0.00000
LD1 9YL,,0.00000
LD1 9YN,,0.00000
LD1 9YP,,0.00000
LD1 9YQ,,0.00000
LD1 9YR,,0.00000
LD1 9YS,,0.00000
LD1 9YT,,0.00000
LD1 9YU,,0.00000
LD1 9YW,,0.00000
LD1 9YX,,0.00000
LD1 9YY,,0.00000
LD1 9YZ,,0.00000
LD1 9ZA,,0.00000
LD1 9ZB,,0.00000
LD1 9ZD,,0.00000
LD1 9ZE,,0.00000
LD1 9ZF,,0.00000
LD1 9ZG,,0.00000
LD1 9ZH,,0.00000
LD1 9ZJ,,0.00000
LD1 9ZL,,0.00000
LD1 9ZN,,0.00000
LD1 9ZP,,0.00000
LD1 9ZQ,,0.00000
LD1 9ZR,,0.00000
LD1 9ZS,,0.00000
LD1 9ZT,,0.00000
LD1 9ZU,,0.00000
LD1 9ZW,,0.00000
LD1 9ZX,52.23779,-3.37300
LD1 9ZY,52.23779,-3.37300
LD1 9ZZ,52.23779,-3.37300
LD2 3AA,52.14889,-3.40341
LD2 3AB,52.14848,-3.40305
LD2 3AD,52.14834,-3.40325
LD2 3AE,52.14959,-3.40121
LD2 3AF,52.14843,-3.40433
LD2 3AG,52.14817,-3.40336
LD2 3AH,52.14835,-3.40405
LD2 3AJ,52.05641,-3.34139
LD2 3AL,52.14853,-3.40558
LD2 3AN,52.14780,-3.40478
LD2 3AP,52.14917,-3.40623
LD2 3AQ,52.06350,-3.31829
LD2 3AR,52.14926,-3.40796
LD2 3AS,52.14980,-3.41085
LD2 3AT,52.14837,-3.40733
LD2 3AU,52.15020,-3.40921
LD2 3AW,52.14681,-3.40503
LD2 3AX,52.04330,-3.34536
LD2 3AY,52.14988,-3.40757
LD2 3AZ,52.04622,-3.34163
LD2 3BA,52.14986,-3.40691
LD2 3BB,52.14848,-3.40219
LD2 3BD,52.14918,-3.40282
LD2 3BE,52.14732,-3.40639
LD2 3BF,52.14947,-3.39658
LD2 3BG,52.14936,-3.40391
LD2 3BH,52.14919,-3.40343
LD2 3BJ,52.03861,-3.37157
LD2 3BL,52.14957,-3.40173
LD2 3BN,52.15003,-3.39940
LD2 3BP,52.15040,-3.39553
LD2 3BQ,52.04258,-3.36341
LD2 3BS,52.14961,-3.40475
LD2 3BT,52.15007,-3.40511
LD2 3BU,52.15156,-3.40785
LD2 3BW,52.15122,-3.40735
LD2 3BX,52.06447,-3.34705
LD2 3BY,52.15078,-3.41372
LD2 3BZ,52.09011,-3.35556
LD2 3DA,52.15109,-3.41370
LD2 3DB,52.15056,-3.41069
LD2 3DD,52.15245,-3.41002
LD2 3DE,52.15019,-3.41211
LD2 3DF,52.14970,-3.41526
LD2 3DG,52.15181,-3.41429
LD2 3DH,52.14690,-3.40117
LD2 3DJ,52.15039,-3.39890
LD2 3DL,52.14899,-3.40253
LD2 3DN,52.14935,-3.40164
LD2 3DP,52.14921,-3.40109
LD2 3DQ,52.14551,-3.39641
LD2 3DR,52.14919,-3.40079
LD2 3DS,52.14886,-3.40096
LD2 3DT,52.14947,-3.40089
LD2 3DU,52.14937,-3.40049
LD2 3DW,52.14929,-3.40231
LD2 3DX,52.14763,-3.39947
LD2 3DY,52.14397,-3.40083
LD2 3DZ,52.14981,-3.41086
LD2 3EA,52.14813,-3.40275
LD2 3EB,52.14690,-3.40263
LD2 3ED,52.14784,-3.40234
LD2 3EE,52.14660,-3.40194
LD2 3EF,52.14816,-3.40162
LD2 3EG,52.14841,-3.39963
LD2 3EH,52.14796,-3.39790
LD2 3EJ,52.07825,-3.31959
LD2 3EL,52.14889,-3.39742
LD2 3EN,52.14958,-3.39559
LD2 3EP,52.14830,-3.39631
LD2 3EQ,52.07868,-3.32150
LD2 3ER,52.15047,-3.39360
LD2 3ES,52.14978,-3.39565
LD2 3ET,52.15000,-3.39553
LD2 3EU,52.14991,-3.39558
LD2 3EW,52.15012,-3.39508
LD2 3EX,52.07801,-3.31876
LD2 3EY,52.15017,-3.39536
LD2 3EZ,52.07875,-3.31941
LD2 3FA,52.15277,-3.46059
LD2 3FB,52.14843,-3.40433
LD2 3FD,52.14588,-3.40596
LD2 3FE,52.14704,-3.39921
LD2 3FF,52.11738,-3.34649
LD2 3FL,52.15259,-3.45177
LD2 3GA,52.14712,-3.40887
LD2 3GB,52.14667,-3.40603
LD2 3GD,52.15231,-3.45830
LD2 3GE,52.15230,-3.45828
LD2 3GF,52.14786,-3.40025
LD2 3GG,52.14747,-3.40259
LD2 3HA,52.14854,-3.40866
LD2 3HB,52.15008,-3.39459
LD2 3HD,52.13107,-3.42052
LD2 3HE,52.14729,-3.41140
LD2 3HF,52.14698,-3.41549
LD2 3HG,52.14535,-3.41612
LD2 3HH,52.14028,-3.43051
LD2 3HJ,52.07077,-3.37998
LD2 3HL,52.13250,-3.45739
LD2 3HN,52.13970,-3.46169
LD2 3HP,52.13722,-3.42266
LD2 3HQ,52.08007,-3.36588
LD2 3HR,52.13189,-3.41053
LD2 3HS,52.11583,-3.43765
LD2 3HT,52.11581,-3.46024
LD2 3HU,52.10364,-3.44398
LD2 3HW,52.13381,-3.48679
LD2 3HX,52.08145,-3.38924
LD2 3HY,52.08794,-3.43106
LD2 3HZ,52.09121,-3.37193
LD2 3JA,52.14897,-3.40299
LD2 3JB,52.12173,-3.18654
LD2 3JD,52.12502,-3.18711
LD2 3JE,52.09087,-3.31685
LD2 3JF,52.09550,-3.29740
LD2 3JG,52.09695,-3.28479
LD2 3JH,52.11004,-3.25473
LD2 3JJ,52.10999,-3.23084
LD2 3JL,52.10863,-3.21724
LD2 3JN,52.09698,-3.22485
LD2 3JP,52.10796,-3.19596
LD2 3JQ,52.10203,-3.27225
LD2 3JR,52.11187,-3.19231
LD2 3JS,52.11703,-3.19949
LD2 3JT,52.12797,-3.21524
LD2 3JU,52.12453,-3.18710
LD2 3JW,52.10000,-3.19764
LD2 3JX,52.10711,-3.21674
LD2 3JY,52.12065,-3.18707
LD2 3JZ,52.10788,-3.21539
LD2 3LA,52.11332,-3.42928
LD2 3LB,52.13756,-3.40429
LD2 3LD,52.14623,-3.41590
LD2 3LE,52.14718,-3.41396
LD2 3LF,52.14552,-3.40283
LD2 3LG,52.15021,-3.46629
LD2 3LH,52.14401,-3.47960
LD2 3LJ,52.11205,-3.36930
LD2 3LL,52.14285,-3.52994
LD2 3LN,52.15168,-3.53752
LD2 3LP,52.16990,-3.56003
LD2 3LQ,52.10468,-3.36454
LD2 3LR,52.15316,-3.54792
LD2 3LS,52.17202,-3.57939
LD2 3LT,52.16970,-3.54317
LD2 3LU,52.17974,-3.55797
LD2 3LW,52.16641,-3.54508
LD2 3LX,52.12519,-3.37369
LD2 3LY,52.17755,-3.54731
LD2 3LZ,52.13986,-3.39480
LD2 3NA,52.16845,-3.53158
LD2 3NB,52.17915,-3.52106
LD2 3ND,52.18606,-3.49945
LD2 3NE,52.17270,-3.49318
LD2 3NF,52.15342,-3.41534
LD2 3NG,52.15478,-3.41699
LD2 3NH,52.14980,-3.41321
LD2 3NJ,52.15829,-3.40617
LD2 3NL,52.14904,-3.41397
LD2 3NN,52.15072,-3.41651
LD2 3NP,52.14716,-3.41834
LD2 3NQ,52.13311,-3.39253
LD2 3NR,52.15164,-3.42436
LD2 3NS,52.14905,-3.42829
LD2 3NT,52.15492,-3.44898
LD2 3NU,52.15155,-3.45843
LD2 3NW,52.15742,-3.42349
LD2 3NX,52.14815,-3.40948
LD2 3NY,52.15325,-3.45845
LD2 3NZ,52.24166,-3.37846
LD2 3PA,52.15355,-3.45995
LD2 3PB,52.15691,-3.46756
LD2 3PD,52.16919,-3.49186
LD2 3PE,52.16895,-3.51589
LD2 3PF,52.18520,-3.52253
LD2 3PG,52.19121,-3.53077
LD2 3PH,52.19542,-3.56396
LD2 3PJ,52.07115,-3.32847
LD2 3PL,52.20570,-3.54455
LD2 3PN,52.19009,-3.51231
LD2 3PP,52.18272,-3.48025
LD2 3PQ,52.07671,-3.31670
LD2 3PR,52.18356,-3.47602
LD2 3PS,52.17476,-3.47192
LD2 3PT,52.16140,-3.44710
LD2 3PU,52.16177,-3.43144
LD2 3PW,52.19817,-3.50857
LD2 3PX,52.07205,-3.34143
LD2 3PY,52.16902,-3.42700
LD2 3PZ,52.07686,-3.36054
LD2 3RA,52.17953,-3.44229
LD2 3RB,52.17998,-3.44202
LD2 3RD,52.16121,-3.41754
LD2 3RE,52.14600,-3.41397
LD2 3RF,52.16887,-3.42162
LD2 3RG,52.16825,-3.42683
LD2 3RH,52.16973,-3.42728
LD2 3RJ,52.12099,-3.41367
LD2 3RL,52.16915,-3.42977
LD2 3RN,52.17180,-3.42228
LD2 3RP,52.18045,-3.45060
LD2 3RQ,52.10818,-3.42083
LD2 3RR,52.18044,-3.44197
LD2 3RS,52.18306,-3.43110
LD2 3RT,52.18757,-3.43229
LD2 3RU,52.19358,-3.43949
LD2 3RW,52.17691,-3.42206
LD2 3RX,52.12758,-3.41041
LD2 3RY,52.20067,-3.43372
LD2 3RZ,52.12837,-3.39723
LD2 3SA,52.20756,-3.43270
LD2 3SB,52.20734,-3.44016
LD2 3SD,52.20752,-3.44832
LD2 3SE,52.19523,-3.45964
LD2 3SF,52.18246,-3.47088
LD2 3SG,52.20977,-3.50027
LD2 3SH,52.20069,-3.47920
LD2 3SJ,52.08636,-3.32834
LD2 3SL,52.20563,-3.46289
LD2 3SN,52.18108,-3.44181
LD2 3SP,52.17960,-3.43858
LD2 3SQ,52.10183,-3.34942
LD2 3SR,52.15209,-3.40209
LD2 3SS,52.15265,-3.40179
LD2 3ST,52.15370,-3.40599
LD2 3SU,52.15338,-3.40518
LD2 3SW,52.18079,-3.44176
LD2 3SX,52.08573,-3.31012
LD2 3SY,52.15673,-3.40569
LD2 3SZ,52.07285,-3.30681
LD2 3TA,52.15956,-3.40447
LD2 3TB,52.15717,-3.37406
LD2 3TD,52.16254,-3.36797
LD2 3TE,52.17208,-3.34657
LD2 3TF,52.17133,-3.39875
LD2 3TG,52.17943,-3.38690
LD2 3TH,52.17971,-3.40545
LD2 3TJ,52.05907,-3.28792
LD2 3TL,52.19385,-3.37969
LD2 3TN,52.18486,-3.40867
LD2 3TP,52.15800,-3.39226
LD2 3TQ,52.06285,-3.29565
LD2 3TR,52.15707,-3.39591
LD2 3TS,52.18054,-3.44114
LD2 3TT,52.17924,-3.44175
LD2 3TU,52.15739,-3.40678
LD2 3TW,52.19690,-3.40949
LD2 3TX,52.05903,-3.31402
LD2 3TY,52.15626,-3.39482
LD2 3TZ,52.07001,-3.29737
LD2 3UA,52.15633,-3.39004
LD2 3UB,52.15798,-3.39224
LD2 3UD,52.15677,-3.37674
LD2 3UE,52.15746,-3.37210
LD2 3UF,52.15214,-3.36898
LD2 3UG,52.14330,-3.36173
LD2 3UH,52.11856,-3.35121
LD2 3UJ,52.08836,-3.28810
LD2 3UL,52.11748,-3.34745
LD2 3UN,52.11696,-3.34573
LD2 3UP,52.12653,-3.33480
LD2 3UQ,52.08811,-3.27022
LD2 3UR,52.11925,-3.32695
LD2 3US,52.14623,-3.41261
LD2 3UT,52.12939,-3.29919
LD2 3UU,52.14309,-3.27877
LD2 3UW,52.11658,-3.34382
LD2 3UX,52.09460,-3.26341
LD2 3UY,52.14080,-3.26119
LD2 3UZ,52.10236,-3.28811
LD2 3WA,52.14920,-3.40288
LD2 3WB,52.14920,-3.40288
LD2 3WD,52.14264,-3.39674
LD2 3WE,52.14477,-3.39644
LD2 3WF,52.14477,-3.39644
LD2 3WG,52.14264,-3.39674
LD2 3WH,52.14264,-3.39674
LD2 3WJ,52.14477,-3.39644
LD2 3WL,52.14478,-3.39644
LD2 3WN,52.14478,-3.39644
LD2 3WP,52.14920,-3.40288
LD2 3WQ,52.14920,-3.40288
LD2 3WR,52.14920,-3.40288
LD2 3WS,52.14920,-3.40288
LD2 3WT,52.14920,-3.40288
LD2 3WX,52.14920,-3.40288
LD2 3WY,52.15804,-3.40597
LD2 3WZ,52.14920,-3.40288
LD2 3XA,52.24166,-3.37845
LD2 3YA,52.15056,-3.27720
LD2 3YB,52.15102,-3.28958
LD2 3YD,52.13697,-3.29361
LD2 3YE,52.18040,-3.44027
LD2 3YF,52.17884,-3.43985
LD2 3YG,52.20360,-3.52313
LD2 3YJ,52.10073,-3.31319
LD2 3YL,52.15109,-3.39086
LD2 3YN,52.14694,-3.37149
LD2 3YP,52.13111,-3.36661
LD2 3YQ,52.11202,-3.28186
LD2 3YR,52.10617,-3.35508
LD2 3YS,52.08634,-3.33568
LD2 3YT,52.08361,-3.33052
LD2 3YU,52.07680,-3.32790
LD2 3YW,52.13805,-3.37773
LD2 3YX,52.09709,-3.32892
LD2 3YY,52.07200,-3.31837
LD2 9AA,52.14920,-3.40288
LD2 9AB,52.14920,-3.40288
LD2 9AD,,0.00000
LD2 9AE,52.14920,-3.40288
LD2 9AF,52.14920,-3.40288
LD2 9AG,52.24165,-3.37845
LD2 9AH,52.14920,-3.40288
LD2 9AJ,52.14920,-3.40288
LD2 9AL,52.14920,-3.40288
LD2 9AN,52.24166,-3.37846
LD2 9AP,52.24166,-3.37846
LD2 9AQ,52.24166,-3.37846
LD2 9ZZ,,0.00000
LD3 0AA,51.99750,-3.23393
LD3 0AB,51.99640,-3.23313
LD3 0AD,51.99616,-3.23364
LD3 0AE,51.99665,-3.23244
LD3 0AF,51.99574,-3.23264
LD3 0AG,51.99678,-3.23177
LD3 0AH,51.99716,-3.23284
LD3 0AJ,52.06250,-3.26710
LD3 0AL,51.99794,-3.23193
LD3 0AN,51.99879,-3.23179
LD3 0AP,52.00117,-3.22696
LD3 0AQ,52.06435,-3.27129
LD3 0AR,52.00002,-3.23023
LD3 0AS,51.99908,-3.22982
LD3 0AT,51.99969,-3.22858
LD3 0AU,51.99835,-3.22896
LD3 0AW,51.99956,-3.23237
LD3 0AX,52.07448,-3.26173
LD3 0AY,51.99820,-3.22994
LD3 0AZ,52.05907,-3.26415
LD3 0BA,51.99783,-3.23095
LD3 0BB,51.99630,-3.23007
LD3 0BD,51.99691,-3.22793
LD3 0BE,51.99577,-3.22822
LD3 0BF,51.99589,-3.22895
LD3 0BG,51.99599,-3.22969
LD3 0BH,51.99598,-3.22704
LD3 0BJ,52.04564,-3.24887
LD3 0BL,51.99560,-3.22907
LD3 0BN,51.99561,-3.23111
LD3 0BP,51.99537,-3.23249
LD3 0BQ,52.03923,-3.24466
LD3 0BR,52.00850,-3.24485
LD3 0BS,51.99446,-3.23159
LD3 0BT,51.99361,-3.23028
LD3 0BU,51.99335,-3.23076
LD3 0BW,51.99599,-3.23242
LD3 0BX,52.04666,-3.26036
LD3 0BY,51.99228,-3.23033
LD3 0BZ,52.05317,-3.25148
LD3 0DA,51.99091,-3.22950
LD3 0DB,51.99461,-3.23204
LD3 0DD,51.99404,-3.23223
LD3 0DE,51.99619,-3.23150
LD3 0DF,51.99814,-3.22854
LD3 0DG,51.99720,-3.22848
LD3 0DH,52.00040,-3.22868
LD3 0DJ,52.04383,-3.27281
LD3 0DL,52.01332,-3.22166
LD3 0DN,52.00907,-3.21016
LD3 0DP,52.00391,-3.20312
LD3 0DQ,52.00108,-3.23245
LD3 0DR,51.99399,-3.22556
LD3 0DS,52.00804,-3.24901
LD3 0DT,51.99011,-3.22467
LD3 0DU,51.98972,-3.22415
LD3 0DW,51.99507,-3.22418
LD3 0DX,51.99707,-3.23473
LD3 0DY,51.99126,-3.21943
LD3 0DZ,52.00852,-3.24917
LD3 0EA,51.99693,-3.20399
LD3 0EB,52.00027,-3.18967
LD3 0ED,51.99110,-3.19839
LD3 0EE,51.98191,-3.18587
LD3 0EF,51.98255,-3.21334
LD3 0EG,51.97989,-3.22181
LD3 0EH,51.97339,-3.21192
LD3 0EJ,51.98002,-3.20568
LD3 0EL,51.97697,-3.20068
LD3 0EN,51.96703,-3.20969
LD3 0EP,51.95765,-3.20283
LD3 0ER,51.94749,-3.19160
LD3 0ES,51.94176,-3.17997
LD3 0ET,51.96263,-3.18474
LD3 0EU,51.95357,-3.19110
LD3 0EW,51.96349,-3.20598
LD3 0EY,51.96274,-3.22072
LD3 0HA,51.97071,-3.23040
LD3 0HB,52.02280,-3.18714
LD3 0HF,51.99783,-3.23497
LD3 0HG,51.99823,-3.23606
LD3 0HH,52.00047,-3.23637
LD3 0HL,52.00405,-3.24126
LD3 0HN,52.00570,-3.24647
LD3 0HP,52.00587,-3.24800
LD3 0HR,52.00624,-3.24802
LD3 0HS,52.00636,-3.24924
LD3 0HT,52.00657,-3.25002
LD3 0HU,52.00743,-3.25091
LD3 0HW,52.00620,-3.24740
LD3 0HX,52.00610,-3.25005
LD3 0HY,52.00803,-3.25253
LD3 0LA,52.00573,-3.25151
LD3 0LB,52.00642,-3.25137
LD3 0LD,52.00672,-3.25203
LD3 0LE,52.00689,-3.24851
LD3 0LF,52.00787,-3.24731
LD3 0LG,52.00758,-3.24650
LD3 0LH,52.00947,-3.24431
LD3 0LJ,52.03616,-3.26943
LD3 0LL,52.01245,-3.23897
LD3 0LN,52.02349,-3.24438
LD3 0LP,52.00872,-3.25127
LD3 0LQ,52.06158,-3.25730
LD3 0LR,52.00613,-3.25035
LD3 0LS,52.01024,-3.26182
LD3 0LT,52.00385,-3.25620
LD3 0LU,52.00918,-3.26086
LD3 0LW,52.02146,-3.26215
LD3 0LX,52.00814,-3.24776
LD3 0LY,52.00718,-3.25906
LD3 0NA,52.01206,-3.28709
LD3 0NB,52.00824,-3.28821
LD3 0ND,52.01349,-3.30491
LD3 0NE,52.01551,-3.28648
LD3 0NF,52.01929,-3.27788
LD3 0NG,52.02310,-3.28615
LD3 0NH,52.02678,-3.29496
LD3 0NL,52.03234,-3.28315
LD3 0NN,52.03588,-3.28783
LD3 0NP,52.05408,-3.30016
LD3 0NR,52.02612,-3.30447
LD3 0NS,52.03192,-3.33036
LD3 0NT,52.02982,-3.35173
LD3 0NU,52.01864,-3.33741
LD3 0NW,52.04074,-3.29178
LD3 0NY,52.00718,-3.25906
LD3 0PA,51.99936,-3.27721
LD3 0PB,51.99578,-3.23317
LD3 0PD,51.99540,-3.23361
LD3 0PE,51.99587,-3.23410
LD3 0PF,51.99530,-3.23342
LD3 0PG,51.99478,-3.23439
LD3 0PH,51.99467,-3.23385
LD3 0PL,51.99343,-3.23746
LD3 0PN,51.99057,-3.24022
LD3 0PP,51.98070,-3.24801
LD3 0PQ,51.99549,-3.23596
LD3 0PR,51.97419,-3.24576
LD3 0PS,51.96168,-3.26106
LD3 0PT,51.96143,-3.27199
LD3 0PU,51.97458,-3.26182
LD3 0PW,51.98057,-3.24885
LD3 0PY,51.98365,-3.25475
LD3 0RA,51.99609,-3.25886
LD3 0RB,51.99701,-3.29149
LD3 0RD,51.99270,-3.28412
LD3 0RE,51.99116,-3.28375
LD3 0RF,51.98481,-3.30378
LD3 0RG,51.98699,-3.27381
LD3 0RH,51.98501,-3.28873
LD3 0RL,51.97574,-3.28232
LD3 0RN,51.97753,-3.29765
LD3 0RP,51.96662,-3.30951
LD3 0RS,52.02247,-3.18808
LD3 0RT,52.02712,-3.21148
LD3 0RU,52.01631,-3.23423
LD3 0RW,51.97827,-3.32190
LD3 0RY,52.01985,-3.22871
LD3 0SA,52.02190,-3.21911
LD3 0SB,52.02359,-3.21474
LD3 0SD,52.02751,-3.21327
LD3 0SE,52.02834,-3.20934
LD3 0SF,52.02836,-3.20230
LD3 0SG,52.02964,-3.20572
LD3 0SH,52.03169,-3.21478
LD3 0SJ,52.03260,-3.20437
LD3 0SL,52.03234,-3.20619
LD3 0SN,52.03271,-3.20732
LD3 0SP,52.03154,-3.17032
LD3 0SQ,52.02908,-3.21066
LD3 0SR,52.02100,-3.15872
LD3 0SS,52.01244,-3.16210
LD3 0ST,52.02345,-3.18649
LD3 0SU,52.02222,-3.18925
LD3 0SW,52.03215,-3.18261
LD3 0SX,52.02423,-3.21332
LD3 0SY,52.02197,-3.18832
LD3 0SZ,52.02343,-3.18808
LD3 0TA,52.01844,-3.20382
LD3 0TB,52.01899,-3.18554
LD3 0TD,52.02214,-3.18711
LD3 0TE,52.02787,-3.18633
LD3 0TF,52.03454,-3.19887
LD3 0TG,52.01986,-3.18638
LD3 0TH,52.04234,-3.27249
LD3 0TL,51.95954,-3.32156
LD3 0TN,51.96368,-3.32141
LD3 0TP,51.96182,-3.34888
LD3 0TR,51.96261,-3.35616
LD3 0TS,51.97060,-3.33942
LD3 0TT,51.97290,-3.32481
LD3 0TU,51.97842,-3.32562
LD3 0TW,51.95937,-3.33573
LD3 0TY,51.98325,-3.33052
LD3 0UA,51.98646,-3.31915
LD3 0UB,51.98991,-3.32569
LD3 0UD,51.98978,-3.32707
LD3 0UE,51.98924,-3.32825
LD3 0UF,51.98893,-3.33969
LD3 0UG,51.99927,-3.33790
LD3 0UH,52.00516,-3.34222
LD3 0UJ,51.98919,-3.32682
LD3 0UL,52.01294,-3.33160
LD3 0UN,52.00615,-3.30949
LD3 0UP,52.03123,-3.26898
LD3 0UR,52.03234,-3.26495
LD3 0US,52.03183,-3.26550
LD3 0UT,52.03063,-3.25499
LD3 0UU,52.03336,-3.26433
LD3 0UW,52.00533,-3.29681
LD3 0UY,52.03420,-3.26663
LD3 0WA,51.94119,-3.41164
LD3 0WB,51.94119,-3.41164
LD3 0WD,51.94119,-3.41164
LD3 0WE,51.94119,-3.41164
LD3 0WF,51.94119,-3.41164
LD3 0WG,51.94119,-3.41164
LD3 0WH,52.00815,-3.24518
LD3 0WJ,52.00815,-3.24518
LD3 0WL,51.94119,-3.41164
LD3 0WN,51.94119,-3.41164
LD3 0WW,51.94119,-3.41164
LD3 0XR,51.94119,-3.41164
LD3 0YA,52.03458,-3.26854
LD3 0YB,52.03688,-3.27242
LD3 0YD,52.03827,-3.26856
LD3 0YE,52.04197,-3.27628
LD3 0YF,52.03947,-3.27069
LD3 0YG,52.04449,-3.27268
LD3 0YH,52.04372,-3.26612
LD3 0YJ,52.03992,-3.26965
LD3 0YL,52.03943,-3.26331
LD3 0YN,52.03807,-3.27461
LD3 0YP,52.05208,-3.28691
LD3 0YQ,52.03858,-3.26871
LD3 0YR,52.06745,-3.28485
LD3 0YS,52.07484,-3.28415
LD3 0YT,52.06133,-3.28302
LD3 0YU,52.05750,-3.27965
LD3 0YW,52.04330,-3.28215
LD3 0YX,52.03973,-3.26686
LD3 0YY,52.06651,-3.27316
LD3 0YZ,52.04084,-3.27168
LD3 3AA,51.94119,-3.41164
LD3 3AB,,0.00000
LD3 3AD,51.94119,-3.41164
LD3 3AE,51.94119,-3.41164
LD3 3AF,51.94119,-3.41170
LD3 3AG,51.94119,-3.41164
LD3 3AH,51.94119,-3.41164
LD3 3AL,51.94119,-3.41164
LD3 3AN,51.94119,-3.41164
LD3 3AP,51.94119,-3.41164
LD3 3AQ,51.94119,-3.41164
LD3 3AR,51.94119,-3.41164
LD3 3AS,51.94119,-3.41164
LD3 3AT,51.94119,-3.41164
LD3 3AU,51.94119,-3.41164
LD3 3AW,51.94119,-3.41170
LD3 3AX,51.94119,-3.41164
LD3 3AY,51.94119,-3.41164
LD3 3AZ,51.94119,-3.41164
LD3 3BA,51.94119,-3.41164
LD3 3BB,51.94119,-3.41164
LD3 3BD,51.94119,-3.41164
LD3 3BE,51.94119,-3.41171
LD3 3BF,51.94119,-3.41164
LD3 3BG,51.94119,-3.41164
LD3 3BH,51.94119,-3.41164
LD3 3BJ,51.94119,-3.41164
LD3 3BL,51.94119,-3.41164
LD3 3BN,51.94119,-3.41164
LD3 3BP,51.94119,-3.41164
LD3 3BQ,51.94119,-3.41164
LD3 3BR,51.94119,-3.41164
LD3 3BS,51.94119,-3.41164
LD3 3BT,51.94119,-3.41164
LD3 3BX,51.94119,-3.41170
LD3 3BY,51.94119,-3.41171
LD3 3BZ,51.94119,-3.41171
LD3 3DA,51.94119,-3.41171
LD3 3DB,51.94119,-3.41171
LD3 3DD,51.94119,-3.41171
LD3 3DE,51.94119,-3.41171
LD3 3DF,51.94119,-3.41171
LD3 3DG,51.94119,-3.41171
LD3 3DH,51.94119,-3.41171
LD3 3DJ,51.94119,-3.41171
LD3 3DL,51.94119,-3.41171
LD3 3DN,51.94119,-3.41171
LD3 3ZZ,,0.00000
LD3 7AA,51.94699,-3.39162
LD3 7AB,51.94837,-3.38904
LD3 7AD,51.94660,-3.38981
LD3 7AE,51.94661,-3.38993
LD3 7AF,51.94673,-3.39038
LD3 7AG,51.94727,-3.39029
LD3 7AH,51.94738,-3.39051
LD3 7AJ,51.92370,-3.34772
LD3 7AL,51.94770,-3.39107
LD3 7AN,51.94787,-3.39173
LD3 7AP,51.94743,-3.39129
LD3 7AQ,51.93410,-3.35517
LD3 7AR,51.94766,-3.39149
LD3 7AS,51.94724,-3.39088
LD3 7AT,51.94719,-3.39082
LD3 7AU,51.94671,-3.38932
LD3 7AW,51.94688,-3.38841
LD3 7AX,51.92254,-3.35597
LD3 7AY,51.94738,-3.39033
LD3 7AZ,51.92251,-3.34700
LD3 7BA,51.94769,-3.38963
LD3 7BB,51.94688,-3.38841
LD3 7BD,51.92235,-3.34438
LD3 7BE,51.94374,-3.38086
LD3 7BF,51.94218,-3.37511
LD3 7BG,51.94596,-3.38757
LD3 7BH,51.94726,-3.39004
LD3 7BJ,51.92192,-3.34640
LD3 7BL,51.94647,-3.38725
LD3 7BN,51.94641,-3.38770
LD3 7BP,51.94634,-3.38807
LD3 7BQ,51.91884,-3.34482
LD3 7BS,51.92729,-3.33977
LD3 7BT,51.94590,-3.38791
LD3 7BU,51.94726,-3.38572
LD3 7BW,51.94590,-3.38791
LD3 7BX,51.92241,-3.34572
LD3 7BY,51.94718,-3.38240
LD3 7BZ,51.92332,-3.34455
LD3 7DA,51.94555,-3.38020
LD3 7DB,51.94554,-3.38019
LD3 7DD,51.94478,-3.38911
LD3 7DE,51.94389,-3.39004
LD3 7DF,51.94637,-3.38866
LD3 7DG,51.94724,-3.39200
LD3 7DH,51.94715,-3.39146
LD3 7DJ,51.94717,-3.39081
LD3 7DL,51.94664,-3.39217
LD3 7DN,51.94587,-3.39082
LD3 7DP,51.94607,-3.38990
LD3 7DQ,51.90889,-3.33947
LD3 7DR,51.91483,-3.33732
LD3 7DS,51.94553,-3.39157
LD3 7DT,51.94565,-3.38930
LD3 7DU,51.94549,-3.39027
LD3 7DW,51.94635,-3.39043
LD3 7DX,51.94469,-3.39106
LD3 7DY,51.94541,-3.39119
LD3 7DZ,51.94634,-3.38807
LD3 7EA,51.94402,-3.38359
LD3 7EB,51.94446,-3.38378
LD3 7ED,51.94506,-3.38587
LD3 7EE,51.94582,-3.38471
LD3 7EF,51.94590,-3.38796
LD3 7EG,51.94561,-3.38792
LD3 7EH,51.94520,-3.38845
LD3 7EJ,51.92514,-3.29362
LD3 7EL,51.94463,-3.38566
LD3 7EN,51.94370,-3.38358
LD3 7EP,51.94242,-3.38002
LD3 7EQ,51.91862,-3.30062
LD3 7ER,51.94553,-3.38872
LD3 7ES,51.94558,-3.38844
LD3 7ET,51.94515,-3.38536
LD3 7EU,51.94484,-3.38726
LD3 7EW,51.94390,-3.38842
LD3 7EX,51.92546,-3.29022
LD3 7EY,51.94431,-3.38778
LD3 7EZ,51.92622,-3.29236
LD3 7FB,51.94661,-3.37982
LD3 7FD,51.94454,-3.38850
LD3 7FE,51.94472,-3.38651
LD3 7FF,51.93906,-3.25462
LD3 7GA,51.94696,-3.38883
LD3 7HA,51.94433,-3.38583
LD3 7HB,51.94527,-3.38430
LD3 7HD,51.94377,-3.38474
LD3 7HE,51.94408,-3.38566
LD3 7HF,51.94405,-3.38537
LD3 7HG,51.94286,-3.38373
LD3 7HH,51.94203,-3.38052
LD3 7HJ,51.89341,-3.24264
LD3 7HL,51.94336,-3.38899
LD3 7HN,51.89238,-3.24086
LD3 7HP,51.94315,-3.37966
LD3 7HQ,51.89689,-3.25352
LD3 7HR,51.94485,-3.38218
LD3 7HS,51.94630,-3.39012
LD3 7HT,51.91980,-3.34602
LD3 7HU,51.94344,-3.38566
LD3 7HW,51.94389,-3.39004
LD3 7HX,51.89091,-3.24010
LD3 7HY,51.94791,-3.39081
LD3 7HZ,51.89177,-3.23442
LD3 7JA,51.89496,-3.28828
LD3 7JB,51.89480,-3.28872
LD3 7JD,51.89433,-3.28755
LD3 7JE,51.89702,-3.28323
LD3 7JF,51.89575,-3.28363
LD3 7JG,51.89655,-3.28328
LD3 7JH,51.89502,-3.28530
LD3 7JJ,51.88684,-3.26086
LD3 7JL,51.89320,-3.24899
LD3 7JP,51.94795,-3.39026
LD3 7JQ,51.89651,-3.26408
LD3 7JR,51.89412,-3.24183
LD3 7JS,51.88991,-3.24959
LD3 7JT,51.88991,-3.24959
LD3 7JU,51.94256,-3.37650
LD3 7JW,51.95187,-3.38907
LD3 7JZ,51.94836,-3.39170
LD3 7LA,51.94832,-3.39134
LD3 7LB,51.94680,-3.38952
LD3 7LD,51.94884,-3.39109
LD3 7LE,51.94851,-3.39171
LD3 7LF,51.94837,-3.39170
LD3 7LG,51.94829,-3.39195
LD3 7LH,51.94861,-3.39136
LD3 7LJ,51.92488,-3.32922
LD3 7LL,51.94969,-3.39094
LD3 7LN,51.95168,-3.38888
LD3 7LP,51.95111,-3.39007
LD3 7LQ,51.91565,-3.35321
LD3 7LR,51.95158,-3.38941
LD3 7LS,51.94984,-3.39121
LD3 7LT,51.94889,-3.39151
LD3 7LU,51.94904,-3.39021
LD3 7LW,51.95072,-3.39023
LD3 7LX,51.91436,-3.32030
LD3 7LY,51.94905,-3.38947
LD3 7LZ,51.90854,-3.30777
LD3 7NA,51.94973,-3.38912
LD3 7NB,51.95013,-3.39048
LD3 7ND,51.95025,-3.38982
LD3 7NE,51.94937,-3.38841
LD3 7NF,51.94999,-3.38726
LD3 7NG,51.94987,-3.38833
LD3 7NH,51.94985,-3.38761
LD3 7NJ,51.88730,-3.23612
LD3 7NL,51.95148,-3.38765
LD3 7NN,51.95158,-3.38648
LD3 7NP,51.95029,-3.38485
LD3 7NQ,51.88873,-3.23701
LD3 7NR,51.94885,-3.38590
LD3 7NS,51.94911,-3.38480
LD3 7NT,51.94794,-3.38601
LD3 7NU,51.91666,-3.31803
LD3 7NW,51.95055,-3.38623
LD3 7NX,51.88299,-3.23660
LD3 7NY,51.94878,-3.38701
LD3 7NZ,51.87467,-3.24417
LD3 7PA,51.94950,-3.38666
LD3 7PB,51.94785,-3.38703
LD3 7PD,51.94851,-3.38794
LD3 7PE,51.94888,-3.39210
LD3 7PF,51.94235,-3.38145
LD3 7PG,51.94963,-3.38540
LD3 7PJ,51.92585,-3.27513
LD3 7PL,51.94166,-3.37713
LD3 7PN,51.94292,-3.36965
LD3 7PP,51.94347,-3.37060
LD3 7PQ,51.92654,-3.29290
LD3 7PR,51.94473,-3.36648
LD3 7PS,51.94479,-3.36529
LD3 7PT,51.94527,-3.36517
LD3 7PU,51.94276,-3.36860
LD3 7PW,51.94342,-3.36972
LD3 7PX,51.91738,-3.26334
LD3 7PY,51.94220,-3.36508
LD3 7PZ,51.89889,-3.24463
LD3 7QA,51.94896,-3.39121
LD3 7RA,51.94221,-3.36505
LD3 7RB,51.94221,-3.36505
LD3 7RD,51.94458,-3.36711
LD3 7RE,51.94231,-3.36693
LD3 7RF,51.95083,-3.56850
LD3 7RH,51.94142,-3.36997
LD3 7RJ,51.88836,-3.23812
LD3 7RL,51.94230,-3.37029
LD3 7RN,51.94277,-3.37211
LD3 7RP,51.94312,-3.37603
LD3 7RQ,51.89035,-3.23677
LD3 7RR,51.94362,-3.37637
LD3 7RS,51.94663,-3.38362
LD3 7RT,51.94468,-3.38014
LD3 7RU,51.94214,-3.36929
LD3 7RW,51.94288,-3.37416
LD3 7RX,51.88520,-3.23992
LD3 7RY,51.94507,-3.38207
LD3 7RZ,51.88935,-3.23717
LD3 7SA,51.94446,-3.37865
LD3 7SB,51.89069,-3.23109
LD3 7SD,51.92207,-3.34587
LD3 7SE,51.94733,-3.38802
LD3 7SF,51.94465,-3.34710
LD3 7SG,51.94185,-3.36769
LD3 7SH,51.94173,-3.35437
LD3 7SJ,51.89141,-3.23114
LD3 7SL,51.93822,-3.34480
LD3 7SN,51.94259,-3.34626
LD3 7SP,51.94772,-3.33990
LD3 7SQ,51.88960,-3.22782
LD3 7SR,51.95548,-3.38382
LD3 7SS,51.95850,-3.38302
LD3 7ST,51.94197,-3.36609
LD3 7SU,51.94221,-3.32866
LD3 7SW,51.94870,-3.34909
LD3 7SX,51.90292,-3.24337
LD3 7SY,51.93593,-3.30015
LD3 7SZ,51.91941,-3.24534
LD3 7TA,51.93716,-3.29772
LD3 7TB,51.93858,-3.30050
LD3 7TD,51.93881,-3.29955
LD3 7TE,51.93954,-3.29005
LD3 7TF,51.94713,-3.29368
LD3 7TG,51.94591,-3.29214
LD3 7TH,51.94725,-3.29100
LD3 7TJ,51.94579,-3.29054
LD3 7TL,51.94688,-3.28975
LD3 7TN,51.94823,-3.28683
LD3 7TP,51.94549,-3.28180
LD3 7TQ,51.91651,-3.25029
LD3 7TR,51.94108,-3.26553
LD3 7TS,51.94175,-3.25997
LD3 7TT,51.94416,-3.26089
LD3 7TU,51.95534,-3.25146
LD3 7TW,51.95742,-3.28220
LD3 7TX,51.94663,-3.29431
LD3 7TY,51.94058,-3.26053
LD3 7UA,51.93996,-3.26124
LD3 7UB,51.94007,-3.25987
LD3 7UD,51.93993,-3.25823
LD3 7UE,51.94053,-3.24941
LD3 7UF,51.94052,-3.24940
LD3 7UG,51.93863,-3.25533
LD3 7UH,51.93287,-3.24054
LD3 7UJ,51.90555,-3.29945
LD3 7UL,51.94714,-3.23065
LD3 7UN,51.95324,-3.23647
LD3 7UP,51.95781,-3.29679
LD3 7UQ,51.90406,-3.29803
LD3 7UR,51.94019,-3.25425
LD3 7US,51.93888,-3.25343
LD3 7UT,51.91926,-3.27949
LD3 7UU,51.94052,-3.24940
LD3 7UW,51.94866,-3.30892
LD3 7UX,51.89894,-3.29259
LD3 7UY,51.93572,-3.34460
LD3 7UZ,51.89699,-3.29155
LD3 7WB,51.94119,-3.41164
LD3 7WD,51.94119,-3.41171
LD3 7WE,51.94119,-3.41164
LD3 7WF,51.94119,-3.41164
LD3 7WG,51.94119,-3.41164
LD3 7WH,51.94119,-3.41164
LD3 7WJ,51.94119,-3.41170
LD3 7WL,51.94119,-3.41164
LD3 7WN,51.94119,-3.41164
LD3 7WP,51.94119,-3.41164
LD3 7WQ,51.94119,-3.41164
LD3 7WR,51.94119,-3.41164
LD3 7WS,51.94119,-3.41164
LD3 7WT,51.93296,-3.33298
LD3 7WU,51.94119,-3.41164
LD3 7WW,51.94119,-3.41164
LD3 7WX,51.89752,-3.29341
LD3 7WY,51.94119,-3.41164
LD3 7WZ,51.94119,-3.41164
LD3 7XB,51.94119,-3.41164
LD3 7XD,51.89752,-3.29341
LD3 7XE,51.94119,-3.41164
LD3 7XF,51.94119,-3.41164
LD3 7XG,51.94119,-3.41164
LD3 7XH,51.94119,-3.41164
LD3 7XJ,51.94119,-3.41164
LD3 7XL,51.89752,-3.29341
LD3 7XN,51.94119,-3.41164
LD3 7XQ,51.94119,-3.41164
LD3 7XY,51.94119,-3.41164
LD3 7XZ,51.93526,-3.34454
LD3 7YA,51.93324,-3.32611
LD3 7YB,51.92921,-3.32306
LD3 7YD,51.92485,-3.31356
LD3 7YE,51.91578,-3.30320
LD3 7YF,51.90389,-3.27737
LD3 7YG,51.91262,-3.28685
LD3 7YH,51.90406,-3.29679
LD3 7YJ,51.89613,-3.29027
LD3 7YL,51.89572,-3.28980
LD3 7YN,51.89961,-3.30413
LD3 7YP,51.89336,-3.28375
LD3 7YQ,51.89648,-3.29031
LD3 7YR,51.87693,-3.27312
LD3 7YS,51.88352,-3.30392
LD3 7YT,51.85824,-3.30384
LD3 7YU,51.88148,-3.28361
LD3 7YW,51.89608,-3.29756
LD3 7YX,51.89526,-3.28895
LD3 7YY,51.89314,-3.28311
LD3 7YZ,51.89501,-3.28869
LD3 7ZD,51.94119,-3.41164
LD3 7ZH,51.94119,-3.41164
LD3 7ZR,51.94119,-3.41164
LD3 7ZY,51.94119,-3.41164
LD3 7ZZ,51.94119,-3.41164
LD3 8AA,51.94580,-3.39664
LD3 8AB,51.94580,-3.39664
LD3 8AD,51.94623,-3.39395
LD3 8AE,51.94620,-3.39393
LD3 8AF,51.94610,-3.39527
LD3 8AG,51.94620,-3.39393
LD3 8AH,51.94724,-3.39557
LD3 8AJ,51.92441,-3.61701
LD3 8AL,51.94601,-3.39837
LD3 8AN,51.94664,-3.39737
LD3 8AP,51.94525,-3.39838
LD3 8AQ,51.93677,-3.39332
LD3 8AR,51.94578,-3.39984
LD3 8AS,51.94593,-3.39973
LD3 8AT,51.94614,-3.39972
LD3 8AU,51.94716,-3.39904
LD3 8AW,51.94602,-3.39877
LD3 8AY,51.94642,-3.39934
LD3 8BA,51.94759,-3.39887
LD3 8BB,51.94663,-3.39881
LD3 8BD,51.94809,-3.39802
LD3 8BE,51.94832,-3.39890
LD3 8BG,51.94794,-3.40064
LD3 8BH,51.95237,-3.57074
LD3 8BL,51.94733,-3.39666
LD3 8BN,51.94603,-3.39356
LD3 8BT,51.94321,-3.41422
LD3 8BU,51.94581,-3.39953
LD3 8BY,51.94547,-3.40002
LD3 8DA,51.94566,-3.40179
LD3 8DB,51.94641,-3.40075
LD3 8DD,51.94582,-3.40319
LD3 8DE,51.94558,-3.40462
LD3 8DF,51.94707,-3.40160
LD3 8DG,51.94516,-3.40345
LD3 8DH,51.94526,-3.40263
LD3 8DJ,51.94447,-3.40527
LD3 8DL,51.94487,-3.40341
LD3 8DN,51.94503,-3.40554
LD3 8DP,51.94400,-3.40476
LD3 8DQ,51.94551,-3.40517
LD3 8DR,51.94404,-3.40520
LD3 8DS,51.94415,-3.40135
LD3 8DT,51.94359,-3.40273
LD3 8DU,51.94423,-3.40302
LD3 8DW,51.94474,-3.40605
LD3 8DX,51.94623,-3.40508
LD3 8DY,51.94313,-3.40430
LD3 8EA,51.94286,-3.40183
LD3 8EB,51.94489,-3.40051
LD3 8ED,51.94489,-3.40742
LD3 8EE,51.94354,-3.40155
LD3 8EF,51.94557,-3.41684
LD3 8EG,51.94536,-3.40841
LD3 8EH,51.93387,-3.43123
LD3 8EJ,51.92410,-3.46372
LD3 8EL,51.92650,-3.45739
LD3 8EN,51.92307,-3.46516
LD3 8EP,51.91527,-3.47870
LD3 8EQ,51.94278,-3.39998
LD3 8ER,51.92493,-3.48882
LD3 8ES,51.94351,-3.48149
LD3 8ET,51.93718,-3.49641
LD3 8EU,51.94799,-3.49817
LD3 8EW,51.91992,-3.46468
LD3 8EX,51.94648,-3.41443
LD3 8EY,51.94989,-3.50778
LD3 8FB,51.92276,-3.46352
LD3 8HA,51.94805,-3.52905
LD3 8HB,51.95069,-3.52505
LD3 8HD,51.95412,-3.53689
LD3 8HE,51.95631,-3.54931
LD3 8HF,51.95585,-3.53150
LD3 8HG,51.95801,-3.53719
LD3 8HH,51.95606,-3.55684
LD3 8HL,51.96119,-3.56204
LD3 8HN,51.96295,-3.54858
LD3 8HP,51.95634,-3.50727
LD3 8HR,51.95571,-3.50062
LD3 8HS,51.95770,-3.49338
LD3 8HT,51.92386,-3.46495
LD3 8HU,51.92341,-3.46284
LD3 8HW,51.96374,-3.53221
LD3 8LA,51.94133,-3.41099
LD3 8LB,51.93530,-3.41236
LD3 8LD,51.92752,-3.42569
LD3 8LE,51.91712,-3.42700
LD3 8LF,51.93171,-3.41543
LD3 8LG,51.92534,-3.41826
LD3 8LH,51.91329,-3.40594
LD3 8LJ,51.94424,-3.40627
LD3 8LL,51.90676,-3.39598
LD3 8LN,51.92108,-3.39801
LD3 8LP,51.90740,-3.37168
LD3 8LQ,51.94228,-3.41623
LD3 8LR,51.91991,-3.37398
LD3 8LS,51.92828,-3.37853
LD3 8LT,51.92810,-3.39437
LD3 8LU,51.94036,-3.40082
LD3 8LW,51.91372,-3.37917
LD3 8NA,51.93907,-3.41508
LD3 8NB,51.93072,-3.43430
LD3 8ND,51.92234,-3.46010
LD3 8NE,51.91581,-3.45019
LD3 8NF,51.90067,-3.47986
LD3 8NG,51.91215,-3.47422
LD3 8NH,51.89869,-3.49086
LD3 8NL,51.87238,-3.47913
LD3 8NN,51.91375,-3.49100
LD3 8NP,51.90226,-3.52508
LD3 8NR,51.92660,-3.50922
LD3 8NS,51.93910,-3.46018
LD3 8NU,51.94119,-3.41170
LD3 8NW,51.90660,-3.51259
LD3 8PA,51.94800,-3.40726
LD3 8PB,51.94393,-3.43688
LD3 8PD,51.94256,-3.43832
LD3 8PE,51.94031,-3.44254
LD3 8PF,51.94563,-3.45601
LD3 8PG,51.94705,-3.56962
LD3 8PH,51.94602,-3.57154
LD3 8PJ,51.94271,-3.44061
LD3 8PL,51.94745,-3.58145
LD3 8PN,51.94995,-3.57185
LD3 8PP,51.94526,-3.57189
LD3 8PR,51.94475,-3.57354
LD3 8PS,51.94439,-3.57478
LD3 8PT,51.94820,-3.59651
LD3 8PU,51.93433,-3.61080
LD3 8PW,51.94573,-3.57144
LD3 8PY,51.92616,-3.60950
LD3 8RA,51.91963,-3.61431
LD3 8RB,51.95481,-3.61403
LD3 8RD,51.96167,-3.62550
LD3 8RE,51.96948,-3.64398
LD3 8RF,51.95530,-3.65568
LD3 8RG,51.96635,-3.64765
LD3 8RH,51.97110,-3.67401
LD3 8RL,51.94620,-3.56927
LD3 8RP,51.95172,-3.56002
LD3 8RR,51.94793,-3.56668
LD3 8RS,51.94634,-3.56902
LD3 8RT,51.94436,-3.56851
LD3 8RU,51.94358,-3.56751
LD3 8RY,51.94277,-3.56610
LD3 8SA,51.93847,-3.56909
LD3 8SB,51.94055,-3.56486
LD3 8SD,51.93973,-3.56428
LD3 8SE,51.93869,-3.56450
LD3 8SF,51.93716,-3.56391
LD3 8SG,51.93673,-3.56387
LD3 8SH,51.93924,-3.56356
LD3 8SL,51.93751,-3.56338
LD3 8SN,51.93724,-3.56268
LD3 8SP,51.92937,-3.55698
LD3 8SR,51.92705,-3.54795
LD3 8SS,51.91589,-3.55106
LD3 8ST,51.90945,-3.56620
LD3 8SU,51.88899,-3.56264
LD3 8SW,51.93697,-3.56117
LD3 8SY,51.89364,-3.58911
LD3 8TA,51.89855,-3.53928
LD3 8TB,51.94055,-3.54282
LD3 8TD,51.93633,-3.52795
LD3 8TE,51.92669,-3.52498
LD3 8TF,51.94877,-3.51369
LD3 8TG,51.91830,-3.53414
LD3 8TL,51.91172,-3.58325
LD3 8TN,51.94760,-3.56817
LD3 8TP,51.95030,-3.56435
LD3 8TR,51.95109,-3.56371
LD3 8TS,51.95266,-3.56769
LD3 8TT,51.96080,-3.57379
LD3 8TU,51.96692,-3.58774
LD3 8TW,51.94989,-3.56550
LD3 8TY,51.95896,-3.60351
LD3 8UA,51.97778,-3.56452
LD3 8UB,51.98310,-3.58686
LD3 8UD,51.99446,-3.59996
LD3 8UE,51.94890,-3.62885
LD3 8UF,51.94903,-3.62983
LD3 8UG,51.94855,-3.63043
LD3 8UH,51.94973,-3.63374
LD3 8UL,51.95070,-3.63389
LD3 8UN,51.95092,-3.63300
LD3 8UP,51.94990,-3.63050
LD3 8UQ,51.95040,-3.63314
LD3 8UR,51.94263,-3.62986
LD3 8UT,51.94207,-3.62012
LD3 8UU,51.94551,-3.60493
LD3 8UW,51.95083,-3.63182
LD3 8UY,51.92777,-3.65057
LD3 8WA,51.94119,-3.41164
LD3 8WB,51.94119,-3.41164
LD3 8WD,51.94119,-3.41164
LD3 8WE,51.94119,-3.41164
LD3 8WF,51.94119,-3.48347
LD3 8WG,51.94119,-3.48347
LD3 8WH,51.94119,-3.48347
LD3 8WJ,51.94119,-3.41164
LD3 8WL,51.94119,-3.41164
LD3 8WN,51.94119,-3.41164
LD3 8WP,51.94119,-3.41164
LD3 8WQ,51.94119,-3.41164
LD3 8YA,51.91249,-3.64124
LD3 8YB,51.91779,-3.63197
LD3 8YD,51.91806,-3.67136
LD3 8YE,51.93440,-3.65870
LD3 8YF,51.94634,-3.67832
LD3 8YG,51.92879,-3.68083
LD3 8YH,51.93464,-3.56992
LD3 8YJ,51.91916,-3.58339
LD3 8YL,51.91219,-3.58895
LD3 8YN,51.90553,-3.60587
LD3 8YP,51.90803,-3.60692
LD3 8YQ,51.92753,-3.62878
LD3 8YR,51.89502,-3.62555
LD3 8YS,51.90073,-3.63983
LD3 8YT,51.90844,-3.62702
LD3 8YU,51.91312,-3.60672
LD3 8YW,51.90628,-3.60630
LD3 8YX,51.94119,-3.41164
LD3 8YY,51.88192,-3.61491
LD3 9AA,51.94686,-3.39251
LD3 9AB,51.94727,-3.39263
LD3 9AD,51.94760,-3.39238
LD3 9AE,51.94792,-3.39214
LD3 9AF,51.94787,-3.39268
LD3 9AG,51.94290,-3.41059
LD3 9AH,51.94807,-3.39273
LD3 9AJ,51.96570,-3.37731
LD3 9AL,51.94764,-3.39307
LD3 9AN,51.94803,-3.39341
LD3 9AP,51.94914,-3.39615
LD3 9AQ,51.95041,-3.38184
LD3 9AR,51.94893,-3.39518
LD3 9AS,51.94941,-3.39722
LD3 9AT,51.94923,-3.39556
LD3 9AU,51.94926,-3.39588
LD3 9AW,51.94763,-3.39379
LD3 9AX,51.95525,-3.40230
LD3 9AY,51.94877,-3.39586
LD3 9BA,51.95015,-3.39780
LD3 9BB,51.94982,-3.39629
LD3 9BD,51.94991,-3.39645
LD3 9BE,51.95011,-3.39480
LD3 9BG,51.94968,-3.39552
LD3 9BH,51.94968,-3.39566
LD3 9BL,51.95019,-3.39662
LD3 9BN,51.95006,-3.39552
LD3 9BP,51.95580,-3.38890
LD3 9BQ,51.95717,-3.38778
LD3 9BR,51.95721,-3.38995
LD3 9BS,51.95751,-3.39216
LD3 9BT,51.95630,-3.39401
LD3 9BU,51.94889,-3.39231
LD3 9BW,51.94962,-3.39603
LD3 9BY,51.94874,-3.39179
LD3 9DA,51.94844,-3.39253
LD3 9DB,51.94880,-3.39409
LD3 9DD,51.94873,-3.39196
LD3 9DE,51.94904,-3.39356
LD3 9DF,51.94979,-3.39271
LD3 9DG,51.94986,-3.39232
LD3 9DH,51.95023,-3.39146
LD3 9DJ,51.94935,-3.39469
LD3 9DL,51.95055,-3.39299
LD3 9DN,51.95106,-3.39305
LD3 9DP,51.95088,-3.39220
LD3 9DR,51.95098,-3.39369
LD3 9DS,51.95029,-3.39348
LD3 9DT,51.95021,-3.39432
LD3 9DU,51.95040,-3.39499
LD3 9DW,51.95134,-3.39319
LD3 9DX,51.95089,-3.39319
LD3 9DY,51.95060,-3.39507
LD3 9EA,51.95333,-3.39372
LD3 9EB,51.95163,-3.39340
LD3 9ED,51.95240,-3.39224
LD3 9EE,51.94813,-3.39192
LD3 9EF,51.95229,-3.39395
LD3 9EG,51.95289,-3.39459
LD3 9EH,51.95490,-3.39336
LD3 9EL,51.95559,-3.39354
LD3 9EN,51.95427,-3.39229
LD3 9EP,51.95378,-3.39040
LD3 9EQ,51.95491,-3.38777
LD3 9ER,51.95636,-3.39189
LD3 9ES,51.95542,-3.39113
LD3 9ET,51.95488,-3.38876
LD3 9EU,51.95230,-3.39142
LD3 9EW,51.95313,-3.39183
LD3 9EY,51.95519,-3.38874
LD3 9HA,51.95064,-3.39883
LD3 9HB,51.95094,-3.39676
LD3 9HD,51.95053,-3.39602
LD3 9HE,51.95099,-3.39465
LD3 9HF,51.95103,-3.39539
LD3 9HG,51.95181,-3.39460
LD3 9HH,51.95145,-3.39586
LD3 9HJ,51.95358,-3.39463
LD3 9HL,51.95214,-3.39637
LD3 9HN,51.95220,-3.39491
LD3 9HP,51.95265,-3.39780
LD3 9HR,51.95325,-3.39818
LD3 9HS,51.95364,-3.39536
LD3 9HT,51.95383,-3.39679
LD3 9HU,51.95448,-3.39746
LD3 9HW,51.95272,-3.39609
LD3 9HY,51.95367,-3.39850
LD3 9LA,51.95049,-3.39556
LD3 9LB,51.95016,-3.39520
LD3 9LD,51.95456,-3.39584
LD3 9LE,51.95554,-3.39809
LD3 9LF,51.95558,-3.39933
LD3 9LG,51.95119,-3.39810
LD3 9LH,51.95232,-3.39987
LD3 9LL,51.95107,-3.39948
LD3 9LN,51.96450,-3.39446
LD3 9LP,51.96732,-3.42684
LD3 9LR,51.96544,-3.43339
LD3 9LS,51.96368,-3.48027
LD3 9LT,51.97725,-3.49888
LD3 9LU,51.98259,-3.52944
LD3 9LW,51.96491,-3.42745
LD3 9LY,51.98933,-3.51937
LD3 9NA,51.99717,-3.53923
LD3 9NB,52.00957,-3.54853
LD3 9ND,51.99406,-3.48460
LD3 9NE,51.98956,-3.47031
LD3 9NF,51.97156,-3.45902
LD3 9NG,51.95275,-3.47586
LD3 9NH,51.95545,-3.47967
LD3 9NL,51.96411,-3.49345
LD3 9NN,51.95845,-3.48085
LD3 9NP,51.96387,-3.45262
LD3 9NR,51.96944,-3.46550
LD3 9NS,51.96880,-3.45572
LD3 9NT,51.95801,-3.45092
LD3 9NU,51.96522,-3.45014
LD3 9NW,51.95816,-3.45786
LD3 9NY,51.96388,-3.44142
LD3 9PA,51.95818,-3.43165
LD3 9PB,51.96450,-3.43322
LD3 9PD,51.96554,-3.43171
LD3 9PE,51.96118,-3.42397
LD3 9PF,51.95435,-3.40469
LD3 9PG,51.95838,-3.43196
LD3 9PH,51.95038,-3.42672
LD3 9PL,51.95576,-3.39621
LD3 9PN,51.95608,-3.39826
LD3 9PP,51.97759,-3.41305
LD3 9PR,51.98554,-3.41420
LD3 9PS,51.98313,-3.40902
LD3 9PT,51.98362,-3.41965
LD3 9PU,51.99026,-3.41403
LD3 9PW,51.99390,-3.41234
LD3 9PY,51.99277,-3.41197
LD3 9QA,51.96388,-3.43286
LD3 9RA,51.99347,-3.41186
LD3 9RB,51.99643,-3.41309
LD3 9RD,52.00236,-3.41603
LD3 9RE,52.01223,-3.41424
LD3 9RF,52.02329,-3.42390
LD3 9RG,52.05458,-3.44828
LD3 9RH,52.01309,-3.41710
LD3 9RL,51.96883,-3.37423
LD3 9RN,51.96845,-3.44422
LD3 9RP,51.99813,-3.45104
LD3 9RR,51.99598,-3.46351
LD3 9RS,52.00077,-3.46155
LD3 9RT,52.00407,-3.47442
LD3 9RU,52.00386,-3.49872
LD3 9RW,51.98121,-3.45356
LD3 9RY,52.00554,-3.46721
LD3 9SA,52.01924,-3.49395
LD3 9SB,52.02738,-3.50683
LD3 9SD,52.02680,-3.48073
LD3 9SE,52.03650,-3.48078
LD3 9SF,52.03799,-3.47476
LD3 9SG,52.02411,-3.46445
LD3 9SH,52.01234,-3.45043
LD3 9SN,51.95790,-3.38163
LD3 9SP,51.96053,-3.37573
LD3 9SR,51.95187,-3.38232
LD3 9SS,51.96720,-3.37607
LD3 9ST,51.96752,-3.37726
LD3 9SU,51.96907,-3.38899
LD3 9SW,51.96063,-3.37414
LD3 9SX,51.95063,-3.38072
LD3 9SY,51.96651,-3.37485
LD3 9SZ,51.95091,-3.38112
LD3 9TA,51.97464,-3.34680
LD3 9TB,51.97966,-3.34292
LD3 9TD,51.97732,-3.35816
LD3 9TE,51.98975,-3.36871
LD3 9TF,51.98166,-3.36502
LD3 9TG,51.98726,-3.38671
LD3 9TH,52.00702,-3.35362
LD3 9TL,52.01516,-3.37981
LD3 9TN,52.00345,-3.38642
LD3 9TP,51.99662,-3.40119
LD3 9TR,51.97714,-3.40455
LD3 9TS,51.97281,-3.39834
LD3 9TT,51.98223,-3.40715
LD3 9TW,51.99218,-3.38670
LD3 9UA,51.95397,-3.40264
LD3 9UB,51.95386,-3.40066
LD3 9UD,51.95485,-3.40031
LD3 9UE,51.95331,-3.39995
LD3 9UF,51.95497,-3.40132
LD3 9UZ,51.95496,-3.40134
LD3 9WA,51.96088,-3.40458
LD3 9WB,51.96088,-3.40458
LD3 9WD,51.94119,-3.41164
LD3 9WE,51.96088,-3.40458
LD3 9WF,51.96088,-3.40458
LD3 9WG,51.96088,-3.40458
LD3 9WH,51.94119,-3.41164
LD3 9WJ,51.94119,-3.41170
LD3 9WL,51.95294,-3.40123
LD3 9WN,51.96088,-3.40458
LD3 9WP,51.96088,-3.40458
LD3 9WQ,51.94119,-3.41170
LD3 9WR,51.96088,-3.40458
LD3 9WU,51.94119,-3.41164
LD3 9YA,51.94119,-3.41164
LD3 9YB,51.95475,-3.39983
LD3 9YD,51.95475,-3.39983
LD3 9YF,51.96088,-3.40458
LD4 4AA,52.11664,-3.55513
LD4 4AB,52.12896,-3.53497
LD4 4AD,52.13340,-3.53726
LD4 4AE,52.13361,-3.53354
LD4 4AF,52.13356,-3.53062
LD4 4AG,52.13414,-3.53550
LD4 4AH,52.13440,-3.53414
LD4 4AJ,52.13309,-3.53097
LD4 4AL,52.13712,-3.54504
LD4 4AN,52.13497,-3.56094
LD4 4AP,52.14617,-3.55507
LD4 4AR,52.13469,-3.52978
LD4 4AS,52.13590,-3.52902
LD4 4AT,52.13481,-3.52847
LD4 4AU,52.13836,-3.52334
LD4 4AW,52.14098,-3.54849
LD4 4AY,52.13902,-3.51053
LD4 4BA,52.14338,-3.49369
LD4 4BB,52.14612,-3.49498
LD4 4BD,52.15434,-3.49331
LD4 4BE,52.16192,-3.52362
LD4 4BF,52.11702,-3.55367
LD4 4BG,52.15202,-3.51612
LD4 4BH,52.13091,-3.52570
LD4 4BL,52.12691,-3.51217
LD4 4BN,52.12403,-3.52234
LD4 4BP,52.11576,-3.53924
LD4 4BS,52.11503,-3.54253
LD4 4BT,52.11112,-3.55710
LD4 4BU,52.12015,-3.53277
LD4 4BW,52.11611,-3.55490
LD4 4BY,52.11388,-3.55865
LD4 4DA,52.12427,-3.57599
LD4 4DB,52.12147,-3.58867
LD4 4DD,52.11403,-3.57864
LD4 4DE,52.10989,-3.59076
LD4 4DF,52.11620,-3.60029
LD4 4DG,52.10959,-3.56085
LD4 4DH,52.10711,-3.58359
LD4 4DJ,52.12323,-3.59635
LD4 4DL,52.09807,-3.60062
LD4 4DN,52.09751,-3.60404
LD4 4DP,52.09044,-3.61684
LD4 4DR,52.05869,-3.63716
LD4 4DS,52.05947,-3.63764
LD4 4DT,52.05815,-3.67582
LD4 4DU,52.07113,-3.60965
LD4 4DW,52.08267,-3.59572
LD4 4EA,52.11212,-3.55555
LD4 4EB,52.11281,-3.55499
LD4 4ED,52.08347,-3.60014
LD4 4EE,52.11412,-3.55594
LD4 4EF,52.11268,-3.55554
LD4 4EG,52.11239,-3.55557
LD4 4EH,52.11216,-3.55589
LD4 4EL,52.11258,-3.55112
LD4 4EN,52.10813,-3.55334
LD4 4EP,52.10997,-3.56370
LD4 4ER,52.10803,-3.57023
LD4 4ES,52.09594,-3.58318
LD4 4EW,52.11007,-3.55897
LD4 4WA,52.11433,-3.55995
LD4 4WB,52.11433,-3.55995
LD5 4AB,52.13518,-3.62706
LD5 4AD,52.11606,-3.66523
LD5 4AE,52.10961,-3.64569
LD5 4AF,52.10340,-3.61199
LD5 4AG,52.11477,-3.63025
LD5 4AH,52.10651,-3.63475
LD5 4BA,52.10903,-3.63471
LD5 4RA,52.10762,-3.63980
LD5 4RB,52.10762,-3.63817
LD5 4RD,52.10799,-3.63846
LD5 4RE,52.10760,-3.63768
LD5 4RF,52.10821,-3.63674
LD5 4RG,52.10795,-3.63530
LD5 4RH,52.10715,-3.63762
LD5 4RJ,52.10696,-3.63296
LD5 4RL,52.10695,-3.63573
LD5 4RN,52.10607,-3.63579
LD5 4RP,52.10505,-3.63160
LD5 4RQ,52.10712,-3.63457
LD5 4RR,52.10218,-3.62167
LD5 4RS,52.10587,-3.62690
LD5 4RT,52.10830,-3.63378
LD5 4RU,52.10720,-3.63562
LD5 4RW,52.10633,-3.63696
LD5 4RX,52.10895,-3.63149
LD5 4RY,52.10584,-3.63490
LD5 4SA,52.10960,-3.63374
LD5 4SB,52.12338,-3.62405
LD5 4SD,52.11490,-3.62995
LD5 4SE,52.11548,-3.62928
LD5 4SF,52.13158,-3.61712
LD5 4SG,52.13644,-3.61649
LD5 4SH,52.14126,-3.64825
LD5 4SL,52.12128,-3.63739
LD5 4SN,52.10985,-3.64386
LD5 4SP,52.10693,-3.63888
LD5 4SR,52.10658,-3.63889
LD5 4SS,52.10693,-3.63956
LD5 4ST,52.10628,-3.63956
LD5 4SU,52.10649,-3.64145
LD5 4SY,52.10911,-3.65416
LD5 4TA,52.10399,-3.64227
LD5 4TB,52.10168,-3.63811
LD5 4TD,52.08659,-3.64292
LD5 4TE,52.09172,-3.66211
LD5 4TH,52.10983,-3.64958
LD5 4TL,52.11883,-3.65602
LD5 4TN,52.13872,-3.66911
LD5 4TP,52.16401,-3.66850
LD5 4TR,52.18625,-3.70431
LD5 4TS,52.17619,-3.63659
LD5 4TT,52.15983,-3.60371
LD5 4TU,52.15894,-3.60505
LD5 4TW,52.15211,-3.68307
LD5 4TY,52.15528,-3.59242
LD5 4UA,52.15007,-3.58880
LD5 4UB,52.14999,-3.58179
LD5 4UD,52.15278,-3.57413
LD5 4UE,52.16208,-3.57453
LD5 4UF,52.13901,-3.57460
LD5 4UG,52.13297,-3.59585
LD5 4UH,52.14106,-3.59463
LD5 4UL,52.14394,-3.61711
LD5 4UN,52.13678,-3.61003
LD5 4UP,52.14823,-3.57820
LD5 4UR,52.14886,-3.57729
LD5 4UT,52.14871,-3.57709
LD5 4UU,52.14940,-3.57910
LD5 4UY,52.14941,-3.58045
LD5 4WA,52.14920,-3.40288
LD5 4WB,52.14920,-3.40288
LD5 4WD,52.11627,-3.63264
LD5 4WE,52.14920,-3.40288
LD5 4YA,52.14943,-3.58249
LD5 4YB,52.14860,-3.58305
LD5 4YD,52.14956,-3.57530
LD5 4YE,52.15351,-3.57729
LD5 4YF,52.15595,-3.58481
LD5 4YG,52.16839,-3.58961
LD5 4YH,52.14862,-3.58168
LD6 5AA,52.30021,-3.51123
LD6 5AB,52.30011,-3.51135
LD6 5AD,52.29998,-3.51115
LD6 5AE,52.29953,-3.51187
LD6 5AF,52.29978,-3.51156
LD6 5AG,52.29957,-3.51361
LD6 5AH,52.29933,-3.51326
LD6 5AL,52.29910,-3.51340
LD6 5AN,52.29873,-3.51377
LD6 5AP,52.29905,-3.51521
LD6 5AR,52.29830,-3.51514
LD6 5AS,52.29772,-3.51665
LD6 5AT,52.30024,-3.51313
LD6 5AU,52.30058,-3.51288
LD6 5AW,52.29950,-3.51555
LD6 5AY,52.30139,-3.51277
LD6 5BA,52.30081,-3.51363
LD6 5BB,52.30222,-3.51256
LD6 5BD,52.30241,-3.51281
LD6 5BE,52.30267,-3.51270
LD6 5BG,52.30291,-3.51216
LD6 5BH,52.29874,-3.50794
LD6 5BL,52.29724,-3.49975
LD6 5BN,52.29954,-3.50713
LD6 5BP,52.29905,-3.51205
LD6 5BT,52.30078,-3.51121
LD6 5BU,52.30118,-3.51110
LD6 5BW,52.29994,-3.51576
LD6 5BY,52.30088,-3.51192
LD6 5DA,52.30256,-3.51021
LD6 5DB,52.30367,-3.50635
LD6 5DD,52.30235,-3.51187
LD6 5DE,52.30301,-3.51151
LD6 5DF,52.30293,-3.50978
LD6 5DG,52.30345,-3.51001
LD6 5DH,52.30453,-3.50573
LD6 5DJ,52.30336,-3.51076
LD6 5DL,52.30078,-3.50999
LD6 5DN,52.30101,-3.50943
LD6 5DP,52.30181,-3.50859
LD6 5DR,52.30211,-3.50665
LD6 5DS,52.30114,-3.50868
LD6 5DT,52.30047,-3.50897
LD6 5DU,52.30077,-3.50939
LD6 5DW,52.30245,-3.50901
LD6 5DY,52.30316,-3.50281
LD6 5DZ,52.30427,-3.50030
LD6 5EA,52.30157,-3.50752
LD6 5EB,52.30090,-3.50827
LD6 5ED,52.30102,-3.50808
LD6 5EE,52.30047,-3.50860
LD6 5EF,52.30344,-3.50400
LD6 5EG,52.30392,-3.50395
LD6 5EH,52.30295,-3.50596
LD6 5EL,52.30268,-3.50786
LD6 5EN,52.30173,-3.50147
LD6 5EP,52.30495,-3.50460
LD6 5ER,52.30218,-3.50494
LD6 5ES,52.30234,-3.50771
LD6 5EU,52.29916,-3.51929
LD6 5EW,52.30246,-3.50248
LD6 5EY,52.30324,-3.53388
LD6 5HA,52.31779,-3.53972
LD6 5HB,52.29537,-3.54252
LD6 5HD,52.29040,-3.54954
LD6 5HE,52.26664,-3.60809
LD6 5HF,52.25355,-3.63853
LD6 5HG,52.29452,-3.51544
LD6 5HH,52.29338,-3.52681
LD6 5HL,52.28676,-3.54686
LD6 5HN,52.28011,-3.55828
LD6 5HP,52.27192,-3.56558
LD6 5HR,52.26741,-3.56663
LD6 5HS,52.31656,-3.63202
LD6 5HT,52.30967,-3.54189
LD6 5HU,52.25707,-3.56352
LD6 5HW,52.27617,-3.56330
LD6 5HY,52.27737,-3.56115
LD6 5LA,52.30385,-3.51351
LD6 5LB,52.30575,-3.51522
LD6 5LD,52.31851,-3.53394
LD6 5LE,52.33956,-3.55007
LD6 5LF,52.33904,-3.52272
LD6 5LG,52.34460,-3.49330
LD6 5LH,52.34575,-3.48895
LD6 5LJ,52.35158,-3.49538
LD6 5LL,52.35985,-3.49370
LD6 5LN,52.36246,-3.49358
LD6 5LP,52.38946,-3.51962
LD6 5LQ,52.34113,-3.48279
LD6 5LR,52.37050,-3.52346
LD6 5LS,52.30417,-3.50874
LD6 5LT,52.31507,-3.50752
LD6 5LU,52.34143,-3.48410
LD6 5LW,52.36685,-3.49585
LD6 5LX,52.34233,-3.48405
LD6 5LY,52.35904,-3.47682
LD6 5LZ,52.34412,-3.48854
LD6 5NA,52.36619,-3.48047
LD6 5NB,52.37960,-3.44874
LD6 5ND,52.36273,-3.43137
LD6 5NE,52.36037,-3.42368
LD6 5NF,52.37468,-3.42155
LD6 5NG,52.34387,-3.46603
LD6 5NH,52.32031,-3.45608
LD6 5NL,52.31148,-3.45918
LD6 5NN,52.30335,-3.50872
LD6 5NP,52.30579,-3.50717
LD6 5NR,52.30933,-3.50464
LD6 5NS,52.31642,-3.48613
LD6 5NT,52.31111,-3.47357
LD6 5NU,52.30288,-3.49169
LD6 5NY,52.30224,-3.47786
LD6 5PA,52.30483,-3.48424
LD6 5PB,52.30031,-3.46728
LD6 5PD,52.29241,-3.46497
LD6 5PE,52.30065,-3.43069
LD6 5PL,52.30404,-3.51238
LD6 5PN,52.30515,-3.50746
LD6 5PP,52.30468,-3.51101
LD6 5PW,52.30517,-3.51042
LD6 5UZ,52.30118,-3.50848
LD6 5WA,52.30118,-3.50848
LD6 5WB,52.30118,-3.50848
LD6 5WD,52.30118,-3.50848
LD6 5WE,52.30951,-3.51019
LD6 5WF,52.30118,-3.50848
LD6 5WG,52.30118,-3.50848
LD6 5WH,52.30118,-3.50848
LD6 5WJ,52.30118,-3.50848
LD6 5WL,52.30118,-3.50850
LD6 5WY,52.30118,-3.50848
LD6 5WZ,52.30118,-3.50848
LD6 5ZB,52.30118,-3.50848
LD7 1AA,52.34439,-3.04850
LD7 1AB,52.34427,-3.04835
LD7 1AD,52.34490,-3.04834
LD7 1AE,52.34411,-3.04828
LD7 1AF,52.34409,-3.04971
LD7 1AG,52.34501,-3.04910
LD7 1AH,52.34404,-3.04954
LD7 1AJ,52.34627,-3.04789
LD7 1AL,52.34601,-3.04875
LD7 1AN,52.34594,-3.04842
LD7 1AP,52.34619,-3.04821
LD7 1AQ,52.34451,-3.04900
LD7 1AR,52.34627,-3.04843
LD7 1AS,52.34623,-3.04881
LD7 1AT,52.34423,-3.05066
LD7 1AU,52.34422,-3.05023
LD7 1AW,52.34601,-3.04828
LD7 1AY,52.34409,-3.05098
LD7 1BA,52.34386,-3.05194
LD7 1BB,52.34429,-3.05167
LD7 1BD,52.34560,-3.04926
LD7 1BE,52.34597,-3.04706
LD7 1BG,52.34338,-3.04758
LD7 1BL,52.34406,-3.04891
LD7 1BP,52.34437,-3.04947
LD7 1BS,52.34440,-3.04962
LD7 1BT,52.34314,-3.04790
LD7 1BU,52.34380,-3.04768
LD7 1BW,52.34386,-3.04921
LD7 1BY,52.34410,-3.04951
LD7 1DA,52.34438,-3.04791
LD7 1DB,52.34230,-3.04770
LD7 1DD,52.34226,-3.04885
LD7 1DE,52.34158,-3.05278
LD7 1DF,52.34201,-3.04953
LD7 1DG,52.34161,-3.04822
LD7 1DH,52.34275,-3.04898
LD7 1DJ,52.34262,-3.04639
LD7 1DL,52.34187,-3.05141
LD7 1DN,52.34263,-3.05135
LD7 1DP,52.34370,-3.04787
LD7 1DQ,52.34149,-3.05438
LD7 1DR,52.34385,-3.04670
LD7 1DS,52.34386,-3.04627
LD7 1DT,52.34451,-3.04495
LD7 1DU,52.34418,-3.04624
LD7 1DW,52.34310,-3.04934
LD7 1DY,52.34560,-3.04370
LD7 1EA,52.34699,-3.04639
LD7 1EB,52.34500,-3.04714
LD7 1ED,52.34480,-3.04653
LD7 1EE,52.34613,-3.04644
LD7 1EF,52.34024,-3.05671
LD7 1EG,52.33906,-3.05911
LD7 1EH,52.34340,-3.05623
LD7 1EN,52.34528,-3.05099
LD7 1EP,52.34614,-3.05337
LD7 1ER,52.34467,-3.05428
LD7 1ES,52.34520,-3.05344
LD7 1ET,52.34517,-3.05149
LD7 1EU,52.34484,-3.05199
LD7 1EW,52.34650,-3.05040
LD7 1EY,52.34454,-3.05287
LD7 1HA,52.34403,-3.05282
LD7 1HB,52.34295,-3.05673
LD7 1HD,52.34351,-3.05501
LD7 1HE,52.34215,-3.05654
LD7 1HF,52.34323,-3.05209
LD7 1HG,52.34350,-3.05024
LD7 1HH,52.34309,-3.05829
LD7 1HJ,52.34199,-3.03909
LD7 1HL,52.34312,-3.05129
LD7 1HN,52.34489,-3.05656
LD7 1HP,52.34123,-3.04352
LD7 1HQ,52.34186,-3.05530
LD7 1HR,52.34148,-3.04064
LD7 1HS,52.34227,-3.03790
LD7 1HT,52.34301,-3.03665
LD7 1HU,52.34226,-3.04731
LD7 1HW,52.34116,-3.03862
LD7 1HX,52.34064,-3.04407
LD7 1HY,52.33903,-3.04385
LD7 1HZ,52.33546,-3.04037
LD7 1LA,52.34029,-3.03878
LD7 1LB,52.34088,-3.03995
LD7 1LD,52.33804,-3.03899
LD7 1LE,52.33849,-3.04026
LD7 1LF,52.33950,-3.04184
LD7 1LG,52.34399,-3.05752
LD7 1LH,52.33985,-3.03853
LD7 1LJ,52.33834,-3.04199
LD7 1LL,52.33210,-3.04497
LD7 1LN,52.32582,-3.04790
LD7 1LP,52.34358,-3.03297
LD7 1LR,52.34630,-3.01039
LD7 1LS,52.33760,-3.00862
LD7 1LT,52.34491,-3.00032
LD7 1LU,52.34678,-2.96227
LD7 1LW,52.33228,-3.02733
LD7 1LY,52.32653,-2.99448
LD7 1NA,52.33621,-2.96578
LD7 1NB,52.35476,-3.01238
LD7 1ND,52.35662,-3.01671
LD7 1NE,52.36041,-3.04556
LD7 1NF,52.37236,-3.04997
LD7 1NG,52.32909,-3.06469
LD7 1NH,52.31868,-3.05677
LD7 1NJ,52.29826,-3.06788
LD7 1NL,52.30785,-3.06483
LD7 1NN,52.29815,-3.06892
LD7 1NP,52.30306,-3.07901
LD7 1NQ,52.29780,-3.06945
LD7 1NR,52.30547,-3.10601
LD7 1NS,52.31002,-3.11895
LD7 1NT,52.30872,-3.11960
LD7 1NU,52.30638,-3.12142
LD7 1NW,52.29600,-3.07469
LD7 1NY,52.30415,-3.14294
LD7 1PA,52.30685,-3.16887
LD7 1PB,52.29614,-3.18080
LD7 1PD,52.31642,-3.06569
LD7 1PE,52.32376,-3.07919
LD7 1PF,52.36159,-3.10231
LD7 1PG,52.34274,-3.07609
LD7 1PH,52.35439,-3.08167
LD7 1PL,52.35803,-3.10147
LD7 1PN,52.36097,-3.09893
LD7 1PP,52.36185,-3.10083
LD7 1PR,52.36186,-3.10249
LD7 1PS,52.36237,-3.10553
LD7 1PT,52.36028,-3.10483
LD7 1PU,52.35787,-3.12334
LD7 1PW,52.36136,-3.09828
LD7 1PY,52.36269,-3.11843
LD7 1PZ,52.36069,-3.09569
LD7 1RA,52.36035,-3.13822
LD7 1RB,52.36819,-3.10977
LD7 1RD,52.37370,-3.10848
LD7 1RE,52.36973,-3.11401
LD7 1RF,52.37484,-3.10888
LD7 1RG,52.37568,-3.11075
LD7 1RH,52.38032,-3.17118
LD7 1RL,52.38867,-3.16005
LD7 1RN,52.38196,-3.14003
LD7 1RP,52.37567,-3.12687
LD7 1RR,52.36039,-3.09687
LD7 1RS,52.34345,-3.05258
LD7 1RT,52.34216,-3.05544
LD7 1RU,52.35984,-3.09834
LD7 1RW,52.38085,-3.13242
LD7 1RY,52.34300,-3.05544
LD7 1SA,52.34300,-3.06004
LD7 1SB,52.34227,-3.05927
LD7 1SD,52.33734,-3.06466
LD7 1SE,52.32900,-3.07457
LD7 1SF,52.32686,-3.10284
LD7 1SG,52.32169,-3.11726
LD7 1SH,52.31748,-3.12426
LD7 1SL,52.32571,-3.14062
LD7 1SN,52.33269,-3.15367
LD7 1SP,52.33492,-3.16013
LD7 1SR,52.33282,-3.16524
LD7 1SS,52.33579,-3.15741
LD7 1ST,52.34020,-3.16037
LD7 1SU,52.34120,-3.18271
LD7 1SW,52.33432,-3.15787
LD7 1SY,52.35517,-3.16458
LD7 1TA,52.34509,-3.15357
LD7 1TB,52.34727,-3.13366
LD7 1TD,52.33779,-3.13466
LD7 1TE,52.34879,-3.11364
LD7 1TN,52.35019,-3.05463
LD7 1TP,52.37069,-3.07922
LD7 1TR,52.38550,-3.08321
LD7 1TS,52.37647,-3.10404
LD7 1TT,52.36378,-3.09832
LD7 1TU,52.38123,-3.11904
LD7 1TW,52.35906,-3.06832
LD7 1TY,52.39772,-3.12224
LD7 1UA,52.40120,-3.14338
LD7 1UB,52.40988,-3.14317
LD7 1UD,52.41716,-3.16471
LD7 1UE,52.39982,-3.15776
LD7 1UF,52.39110,-3.15490
LD7 1UG,52.41011,-3.22216
LD7 1UH,52.40189,-3.20069
LD7 1UP,52.34640,-3.05775
LD7 1UR,52.35072,-3.07087
LD7 1UT,52.35304,-3.07136
LD7 1UU,52.36134,-3.09380
LD7 1UW,52.42592,-3.19146
LD7 1UY,52.37676,-3.12078
LD7 1WA,52.34438,-3.04790
LD7 1WB,52.34438,-3.04790
LD7 1WD,52.34438,-3.04790
LD7 1WE,52.34438,-3.04790
LD7 1WF,52.34438,-3.04790
LD7 1WG,52.34438,-3.04790
LD7 1WH,52.34438,-3.04790
LD7 1WJ,52.34438,-3.04790
LD7 1WL,52.35099,-3.07277
LD7 1WN,52.34438,-3.04790
LD7 1WP,52.35099,-3.07277
LD7 1WQ,52.35055,-3.07725
LD7 1WR,52.34438,-3.04790
LD7 1WS,52.34438,-3.04790
LD7 1WT,52.24165,-3.37845
LD7 1WU,52.35055,-3.07725
LD7 1WW,52.35099,-3.07277
LD7 1WX,52.34438,-3.04790
LD7 1WY,52.34438,-3.04790
LD7 1WZ,52.34438,-3.04790
LD7 1YA,52.38641,-3.14834
LD7 1YB,52.39213,-3.16186
LD7 1YD,52.40274,-3.17421
LD7 1YE,52.40923,-3.18423
LD7 1YF,52.40931,-3.18637
LD7 1YG,52.41109,-3.18762
LD7 1YH,52.41478,-3.20445
LD7 1YL,52.42006,-3.21987
LD7 1YN,52.42163,-3.22180
LD7 1YP,52.42375,-3.22411
LD7 1YR,52.40871,-3.24935
LD7 1YS,52.42804,-3.21889
LD7 1YT,52.43806,-3.26091
LD7 1YU,52.41925,-3.19934
LD7 1YW,52.42241,-3.22275
LD7 1YY,52.44230,-3.20444
LD7 1ZJ,52.44230,-3.20444
LD7 1ZY,52.34438,-3.04790
LD7 9AA,52.34438,-3.04790
LD7 9AB,52.34438,-3.04790
LD7 9AD,52.24165,-3.37845
LD7 9AE,52.34438,-3.04790
LD7 9AF,52.24165,-3.37845
LD7 9AG,52.34438,-3.04790
LD7 9AH,52.34438,-3.04790
LD7 9AJ,52.34438,-3.04790
LD7 9AL,52.34438,-3.04790
LD7 9AN,52.34438,-3.04790
LD7 9AP,52.24165,-3.37845
LD7 9AQ,52.24166,-3.37846
LD7 9ZZ,,0.00000
LD8 2AA,52.27367,-3.00626
LD8 2AB,52.27449,-3.00507
LD8 2AD,52.27366,-3.00569
LD8 2AE,52.27409,-3.00470
LD8 2AF,52.27444,-3.00399
LD8 2AG,52.27489,-3.00289
LD8 2AH,52.27372,-3.00468
LD8 2AJ,52.26782,-2.99816
LD8 2AL,52.27290,-3.00405
LD8 2AN,52.27344,-3.00487
LD8 2AP,52.27283,-3.00532
LD8 2AQ,52.27437,-3.00348
LD8 2AR,52.27220,-3.00409
LD8 2AS,52.27174,-3.00314
LD8 2AT,52.27216,-3.00450
LD8 2AU,52.27266,-3.00587
LD8 2AW,52.27294,-3.00587
LD8 2AX,52.27743,-3.01530
LD8 2AY,52.27020,-3.00024
LD8 2AZ,52.23667,-3.14945
LD8 2BA,52.27400,-3.00715
LD8 2BB,52.27520,-3.00864
LD8 2BD,52.27326,-3.00691
LD8 2BE,52.27390,-3.00738
LD8 2BG,52.27576,-3.01006
LD8 2BH,52.27541,-3.00966
LD8 2BL,52.27574,-3.01081
LD8 2BN,52.27578,-3.01150
LD8 2BP,52.27495,-3.00713
LD8 2BS,52.27514,-3.00530
LD8 2BT,52.27515,-3.00551
LD8 2BU,52.27528,-3.00542
LD8 2BW,52.27635,-3.01295
LD8 2BY,52.27573,-3.00697
LD8 2DA,52.27600,-3.00859
LD8 2DB,52.27560,-3.00812
LD8 2DD,52.27486,-3.00935
LD8 2DE,52.27081,-3.00344
LD8 2DG,52.27185,-3.00064
LD8 2DH,52.27588,-3.01534
LD8 2DL,52.27179,-3.00580
LD8 2DN,52.27151,-3.00495
LD8 2DP,52.27370,-3.00829
LD8 2DR,52.27316,-3.00669
LD8 2DS,52.27245,-3.00783
LD8 2DT,52.27301,-3.00757
LD8 2DU,52.27141,-3.00708
LD8 2DW,52.27097,-3.00399
LD8 2DX,52.29846,-3.02617
LD8 2DY,52.27368,-3.00941
LD8 2EA,52.27337,-3.01023
LD8 2EB,52.27365,-3.01016
LD8 2ED,52.28526,-3.04602
LD8 2EE,52.28355,-3.05134
LD8 2EF,52.29010,-3.03023
LD8 2EG,52.29323,-3.03622
LD8 2EH,52.29536,-3.02165
LD8 2EL,52.29683,-3.02163
LD8 2EN,52.29866,-3.02403
LD8 2EP,52.30738,-3.03988
LD8 2EQ,52.29617,-3.02252
LD8 2ER,52.31300,-3.03220
LD8 2ES,52.27722,-3.01089
LD8 2ET,52.28060,-3.01464
LD8 2EU,52.28777,-3.01340
LD8 2EW,52.30473,-3.02576
LD8 2EY,52.29926,-3.02088
LD8 2GA,52.29849,-3.02203
LD8 2HA,52.31211,-3.01572
LD8 2HB,52.30265,-3.00894
LD8 2HD,52.29089,-3.00572
LD8 2HE,52.27462,-3.00595
LD8 2HF,52.27105,-3.00129
LD8 2HG,52.26715,-2.97833
LD8 2HH,52.26629,-2.96454
LD8 2HL,52.26337,-2.95998
LD8 2HN,52.27497,-2.94185
LD8 2HP,52.27614,-2.93869
LD8 2HR,52.27973,-2.93563
LD8 2HS,52.26727,-2.92461
LD8 2HT,52.25835,-2.92503
LD8 2HU,52.25843,-2.92900
LD8 2HW,52.27587,-2.94047
LD8 2HX,52.26848,-2.99558
LD8 2HY,52.26211,-2.93551
LD8 2LA,52.26736,-3.00222
LD8 2LB,52.27045,-2.99732
LD8 2LD,52.26572,-2.99640
LD8 2LE,52.25642,-3.01809
LD8 2LF,52.26877,-2.99721
LD8 2LG,52.25443,-3.01547
LD8 2LH,52.25407,-2.98764
LD8 2LJ,52.25598,-2.99114
LD8 2LL,52.25786,-2.99465
LD8 2LN,52.27586,-3.00247
LD8 2LP,52.27469,-2.98833
LD8 2LR,52.28265,-3.00062
LD8 2LS,52.28344,-2.99254
LD8 2LT,52.29156,-2.97089
LD8 2LU,52.29766,-2.96535
LD8 2LW,52.27707,-3.00143
LD8 2LY,52.30788,-2.98378
LD8 2NA,52.30662,-2.96791
LD8 2NB,52.32352,-2.96809
LD8 2ND,52.31552,-2.99105
LD8 2NE,52.27064,-3.01062
LD8 2NF,52.28288,-3.03198
LD8 2NG,52.26050,-3.06949
LD8 2NH,52.26839,-3.02031
LD8 2NJ,52.27173,-3.01031
LD8 2NL,52.27521,-3.03355
LD8 2NN,52.26929,-3.06112
LD8 2NP,52.27895,-3.04422
LD8 2NQ,52.28177,-3.03305
LD8 2NR,52.27933,-3.06974
LD8 2NS,52.28269,-3.07402
LD8 2NT,52.28842,-3.11603
LD8 2NU,52.23875,-3.09024
LD8 2NW,52.27636,-3.06189
LD8 2NX,52.29953,-3.02490
LD8 2NY,52.27027,-3.01313
LD8 2PA,52.26148,-3.08268
LD8 2PB,52.27082,-3.07819
LD8 2PD,52.26594,-3.10181
LD8 2PE,52.25972,-3.10835
LD8 2PF,52.26922,-3.11723
LD8 2PG,52.26123,-3.11693
LD8 2PH,52.22872,-3.08790
LD8 2PL,52.22353,-3.08910
LD8 2PN,52.22020,-3.09568
LD8 2PP,52.20811,-3.10638
LD8 2PR,52.24043,-3.03987
LD8 2PS,52.23541,-3.05894
LD8 2PT,52.23792,-3.07655
LD8 2PU,52.23287,-3.07819
LD8 2PW,52.21727,-3.09898
LD8 2PY,52.23135,-3.09093
LD8 2RA,52.24000,-3.10551
LD8 2RB,52.23291,-3.10531
LD8 2RD,52.23823,-3.12793
LD8 2RE,52.22764,-3.12627
LD8 2RF,52.23072,-3.09162
LD8 2RG,52.22658,-3.09723
LD8 2RH,52.22482,-3.10092
LD8 2RJ,52.27223,-3.00257
LD8 2RL,52.22309,-3.09984
LD8 2RN,52.21582,-3.10481
LD8 2RP,52.21276,-3.14437
LD8 2RR,52.20912,-3.11681
LD8 2RS,52.29311,-3.02131
LD8 2RT,52.27080,-3.00275
LD8 2RU,52.27170,-2.99804
LD8 2RW,52.21761,-3.11616
LD8 2RY,52.25668,-3.08171
LD8 2SA,52.25428,-3.07969
LD8 2SB,52.25400,-3.08081
LD8 2SD,52.25463,-3.08191
LD8 2SE,52.26339,-3.07576
LD8 2SF,52.25496,-3.07780
LD8 2SG,52.26090,-3.06110
LD8 2SH,52.24797,-3.05676
LD8 2SJ,52.25525,-3.08075
LD8 2SL,52.24075,-3.15590
LD8 2SN,52.24063,-3.15404
LD8 2SP,52.23975,-3.15407
LD8 2SQ,52.25537,-3.07991
LD8 2SR,52.23962,-3.15511
LD8 2SS,52.23901,-3.15068
LD8 2ST,52.24003,-3.15179
LD8 2SU,52.24122,-3.15314
LD8 2SW,52.23999,-3.15475
LD8 2SX,52.23931,-3.15744
LD8 2SY,52.24011,-3.15292
LD8 2SZ,52.25556,-3.07940
LD8 2TA,52.24173,-3.15231
LD8 2TB,52.24090,-3.16040
LD8 2TD,52.24056,-3.15563
LD8 2TE,52.23985,-3.15710
LD8 2TF,52.24013,-3.15540
LD8 2TG,52.25416,-3.13109
LD8 2TH,52.25336,-3.13671
LD8 2TL,52.24420,-3.15846
LD8 2TN,52.22143,-3.18504
LD8 2TP,52.21756,-3.22174
LD8 2TR,52.21140,-3.20845
LD8 2TS,52.24014,-3.15360
LD8 2TU,52.24127,-3.15147
LD8 2TW,52.22096,-3.21496
LD8 2UA,52.28739,-3.02081
LD8 2UB,52.29429,-3.02241
LD8 2UF,52.27029,-3.00742
LD8 2UG,52.27222,-3.00630
LD8 2UH,52.26898,-3.00588
LD8 2UN,52.21943,-3.10000
LD8 2WA,52.24166,-3.37846
LD8 2WB,52.24165,-3.37845
LD8 2WD,52.26432,-3.03263
LD8 2WE,52.34438,-3.04790
LD8 2WF,52.24165,-3.37845
LD8 2WG,52.34438,-3.04790
LD8 2WH,52.34438,-3.04790
LD8 2WJ,52.26432,-3.03263
LD8 2WL,52.34438,-3.04790
LD8 2WN,52.27165,-3.00676
LD8 2WP,52.34438,-3.04790
LD8 2YT,52.26987,-3.00155
LD8 2ZE,52.24165,-3.37845
LD8 2ZU,52.34438,-3.04790
LD8 2ZY,52.26993,-3.00142
